Record 1 of 700 | provideniya,"http://api.openweathermap.org/data/2.5/weather?APPID=17db9e1af5acb7f2c237c56cb9715905&units=imperial&q=provideniya,ru"
Record 2 of 700 | ajdabiya,"http://api.openweathermap.org/data/2.5/weather?APPID=17db9e1af5acb7f2c237c56cb9715905&units=imperial&q=ajdabiya,ly"
Record 3 of 700 | hobart,"http://api.openweathermap.org/data/2.5/weather?APPID=17db9e1af5acb7f2c237c56cb9715905&units=imperial&q=hobart,au"
Record 4 of 700 | nikolskoye,"http://api.openweathermap.org/data/2.5/weather?APPID=17db9e1af5acb7f2c237c56cb9715905&units=imperial&q=nikolskoye,ru"
Record 5 of 700 | cherskiy,"http://api.openweathermap.org/data/2.5/weather?APPID=17db9e1af5acb7f2c237c56cb9715905&units=imperial&q=cherskiy,ru"
Record 6 of 700 | beyneu,"http://api.openweathermap.org/data/2.5/weather?APPID=17db9e1af5acb7f2c237c56cb9715905&units=imperial&q=beyneu,kz"
Record 7 of 700 | polikhronon,"http://api.openweathermap.org/data/2.5/weather?APPID=17db9e1af5acb7f2c237c56cb9715905&units=imperial&q=polikhronon,gr"
Record 8 of 700 | tasiilaq,"http://api.openweathermap.org/data/2.5/weather?APPID=17db9e1af5acb7f2c237c56cb9715905&units=imperial&q=tasiilaq,gl"
Record 9 of 700 | albany,"http://api.openweathermap.org/data/2.5/weather?APPID=17db9e1af5acb7f2c237c56cb9715905&units=imperial&q=albany,au"
Record 10 of 700 | new norfolk,"http://api.openweathermap.org/data/2.5/weather?APPID=17db9e1af5acb7f2c237c56cb9715905&units=imperial&q=new norfolk,au"
Record 11 of 700 | kodiak,"http://api.openweathermap.org/data/2.5/weather?APPID=17db9e1af5acb7f2c237c56cb9715905&units=imperial&q=kodiak,us"
Record 12 of 700 | bredasdorp,"http://api.openweathermap.org/data/2.5/weather?APPID=17db9e1af5acb7f2c237c56cb9715905&units=imperial&q=bredasdorp,za"
Record 14 of 700 | half moon bay,"http://api.openweathermap.org/data/2.5/weather?APPID=17db9e1af5acb7f2c237c56cb9715905&units=imperial&q=half moon bay,us"
Record 15 of 700 | norman wells,"http://api.openweathermap.org/data/2.5/weather?APPID=17db9e1af5acb7f2c237c56cb9715905&units=imperial&q=norman wells,ca"
Record 16 of 700 | la palma,"http://api.openweathermap.org/data/2.5/weather?APPID=17db9e1af5acb7f2c237c56cb9715905&units=imperial&q=la palma,pa"
Record 18 of 700 | san patricio,"http://api.openweathermap.org/data/2.5/weather?APPID=17db9e1af5acb7f2c237c56cb9715905&units=imperial&q=san patricio,mx"
Record 19 of 700 | ushuaia,"http://api.openweathermap.org/data/2.5/weather?APPID=17db9e1af5acb7f2c237c56cb9715905&units=imperial&q=ushuaia,ar"
Record 20 of 700 | yecla,"http://api.openweathermap.org/data/2.5/weather?APPID=17db9e1af5acb7f2c237c56cb9715905&units=imperial&q=yecla,es"
Record 22 of 700 | san cristobal,"http://api.openweathermap.org/data/2.5/weather?APPID=17db9e1af5acb7f2c237c56cb9715905&units=imperial&q=san cristobal,ec"
Record 24 of 700 | ushuaia,"http://api.openweathermap.org/data/2.5/weather?APPID=17db9e1af5acb7f2c237c56cb9715905&units=imperial&q=ushuaia,ar"
Record 26 of 700 | torbay,"http://api.openweathermap.org/data/2.5/weather?APPID=17db9e1af5acb7f2c237c56cb9715905&units=imperial&q=torbay,ca"
Record 27 of 700 | cheremukhovo,"http://api.openweathermap.org/data/2.5/weather?APPID=17db9e1af5acb7f2c237c56cb9715905&units=imperial&q=cheremukhovo,ru"
Record 28 of 700 | mabaruma,"http://api.openweathermap.org/data/2.5/weather?APPID=17db9e1af5acb7f2c237c56cb9715905&units=imperial&q=mabaruma,gy"
Record 30 of 700 | dicabisagan,"http://api.openweathermap.org/data/2.5/weather?APPID=17db9e1af5acb7f2c237c56cb9715905&units=imperial&q=dicabisagan,ph"
Record 31 of 700 | mar del plata,"http://api.openweathermap.org/data/2.5/weather?APPID=17db9e1af5acb7f2c237c56cb9715905&units=imperial&q=mar del plata,ar"
Record 32 of 700 | bredasdorp,"http://api.openweathermap.org/data/2.5/weather?APPID=17db9e1af5acb7f2c237c56cb9715905&units=imperial&q=bredasdorp,za"
Record 33 of 700 | mount gambier,"http://api.openweathermap.org/data/2.5/weather?APPID=17db9e1af5acb7f2c237c56cb9715905&units=imperial&q=mount gambier,au"
Record 34 of 700 | touros,"http://api.openweathermap.org/data/2.5/weather?APPID=17db9e1af5acb7f2c237c56cb9715905&units=imperial&q=touros,br"
Record 35 of 700 | westport,"http://api.openweathermap.org/data/2.5/weather?APPID=17db9e1af5acb7f2c237c56cb9715905&units=imperial&q=westport,nz"
Record 36 of 700 | los llanos de aridane,"http://api.openweathermap.org/data/2.5/weather?APPID=17db9e1af5acb7f2c237c56cb9715905&units=imperial&q=los llanos de aridane,es"
Record 37 of 700 | tuatapere,"http://api.openweathermap.org/data/2.5/weather?APPID=17db9e1af5acb7f2c237c56cb9715905&units=imperial&q=tuatapere,nz"
Record 38 of 700 | cherskiy,"http://api.openweathermap.org/data/2.5/weather?APPID=17db9e1af5acb7f2c237c56cb9715905&units=imperial&q=cherskiy,ru"
Record 39 of 700 | new norfolk,"http://api.openweathermap.org/data/2.5/weather?APPID=17db9e1af5acb7f2c237c56cb9715905&units=imperial&q=new norfolk,au"
Record 40 of 700 | atuona,"http://api.openweathermap.org/data/2.5/weather?APPID=17db9e1af5acb7f2c237c56cb9715905&units=imperial&q=atuona,pf"
Record 41 of 700 | yellowknife,"http://api.openweathermap.org/data/2.5/weather?APPID=17db9e1af5acb7f2c237c56cb9715905&units=imperial&q=yellowknife,ca"
Record 42 of 700 | cherskiy,"http://api.openweathermap.org/data/2.5/weather?APPID=17db9e1af5acb7f2c237c56cb9715905&units=imperial&q=cherskiy,ru"
Record 43 of 700 | kodiak,"http://api.openweathermap.org/data/2.5/weather?APPID=17db9e1af5acb7f2c237c56cb9715905&units=imperial&q=kodiak,us"
Record 45 of 700 | pevek,"http://api.openweathermap.org/data/2.5/weather?APPID=17db9e1af5acb7f2c237c56cb9715905&units=imperial&q=pevek,ru"
Record 46 of 700 | severo-kurilsk,"http://api.openweathermap.org/data/2.5/weather?APPID=17db9e1af5acb7f2c237c56cb9715905&units=imperial&q=severo-kurilsk,ru"
Record 47 of 700 | kayerkan,"http://api.openweathermap.org/data/2.5/weather?APPID=17db9e1af5acb7f2c237c56cb9715905&units=imperial&q=kayerkan,ru"
Record 48 of 700 | nome,"http://api.openweathermap.org/data/2.5/weather?APPID=17db9e1af5acb7f2c237c56cb9715905&units=imperial&q=nome,us"
Record 49 of 700 | haines junction,"http://api.openweathermap.org/data/2.5/weather?APPID=17db9e1af5acb7f2c237c56cb9715905&units=imperial&q=haines junction,ca"
Record 50 of 700 | saskylakh,"http://api.openweathermap.org/data/2.5/weather?APPID=17db9e1af5acb7f2c237c56cb9715905&units=imperial&q=saskylakh,ru"
Record 51 of 700 | tecoanapa,"http://api.openweathermap.org/data/2.5/weather?APPID=17db9e1af5acb7f2c237c56cb9715905&units=imperial&q=tecoanapa,mx"
Record 52 of 700 | albany,"http://api.openweathermap.org/data/2.5/weather?APPID=17db9e1af5acb7f2c237c56cb9715905&units=imperial&q=albany,au"
Record 53 of 700 | buynaksk,"http://api.openweathermap.org/data/2.5/weather?APPID=17db9e1af5acb7f2c237c56cb9715905&units=imperial&q=buynaksk,ru"
Record 54 of 700 | innisfail,"http://api.openweathermap.org/data/2.5/weather?APPID=17db9e1af5acb7f2c237c56cb9715905&units=imperial&q=innisfail,au"
Record 55 of 700 | hobart,"http://api.openweathermap.org/data/2.5/weather?APPID=17db9e1af5acb7f2c237c56cb9715905&units=imperial&q=hobart,au"
Record 56 of 700 | kapaa,"http://api.openweathermap.org/data/2.5/weather?APPID=17db9e1af5acb7f2c237c56cb9715905&units=imperial&q=kapaa,us"
Record 57 of 700 | rikitea,"http://api.openweathermap.org/data/2.5/weather?APPID=17db9e1af5acb7f2c237c56cb9715905&units=imperial&q=rikitea,pf"
Record 58 of 700 | rikitea,"http://api.openweathermap.org/data/2.5/weather?APPID=17db9e1af5acb7f2c237c56cb9715905&units=imperial&q=rikitea,pf"
Record 59 of 700 | namatanai,"http://api.openweathermap.org/data/2.5/weather?APPID=17db9e1af5acb7f2c237c56cb9715905&units=imperial&q=namatanai,pg"
Record 60 of 700 | arraial do cabo,"http://api.openweathermap.org/data/2.5/weather?APPID=17db9e1af5acb7f2c237c56cb9715905&units=imperial&q=arraial do cabo,br"
Record 61 of 700 | new norfolk,"http://api.openweathermap.org/data/2.5/weather?APPID=17db9e1af5acb7f2c237c56cb9715905&units=imperial&q=new norfolk,au"
Record 62 of 700 | kamarion,"http://api.openweathermap.org/data/2.5/weather?APPID=17db9e1af5acb7f2c237c56cb9715905&units=imperial&q=kamarion,gr"
Record 63 of 700 | merauke,"http://api.openweathermap.org/data/2.5/weather?APPID=17db9e1af5acb7f2c237c56cb9715905&units=imperial&q=merauke,id"
Record 64 of 700 | carutapera,"http://api.openweathermap.org/data/2.5/weather?APPID=17db9e1af5acb7f2c237c56cb9715905&units=imperial&q=carutapera,br"
Record 65 of 700 | jalu,"http://api.openweathermap.org/data/2.5/weather?APPID=17db9e1af5acb7f2c237c56cb9715905&units=imperial&q=jalu,ly"
Record 66 of 700 | victor harbor,"http://api.openweathermap.org/data/2.5/weather?APPID=17db9e1af5acb7f2c237c56cb9715905&units=imperial&q=victor harbor,au"
Record 68 of 700 | karasjok,"http://api.openweathermap.org/data/2.5/weather?APPID=17db9e1af5acb7f2c237c56cb9715905&units=imperial&q=karasjok,no"
Record 69 of 700 | mar del plata,"http://api.openweathermap.org/data/2.5/weather?APPID=17db9e1af5acb7f2c237c56cb9715905&units=imperial&q=mar del plata,ar"
Record 70 of 700 | rajapalaiyam,"http://api.openweathermap.org/data/2.5/weather?APPID=17db9e1af5acb7f2c237c56cb9715905&units=imperial&q=rajapalaiyam,in"
Record 72 of 700 | busselton,"http://api.openweathermap.org/data/2.5/weather?APPID=17db9e1af5acb7f2c237c56cb9715905&units=imperial&q=busselton,au"
Record 74 of 700 | puerto ayora,"http://api.openweathermap.org/data/2.5/weather?APPID=17db9e1af5acb7f2c237c56cb9715905&units=imperial&q=puerto ayora,ec"
Record 75 of 700 | taonan,"http://api.openweathermap.org/data/2.5/weather?APPID=17db9e1af5acb7f2c237c56cb9715905&units=imperial&q=taonan,cn"
Record 76 of 700 | butaritari,"http://api.openweathermap.org/data/2.5/weather?APPID=17db9e1af5acb7f2c237c56cb9715905&units=imperial&q=butaritari,ki"
Record 77 of 700 | albany,"http://api.openweathermap.org/data/2.5/weather?APPID=17db9e1af5acb7f2c237c56cb9715905&units=imperial&q=albany,au"
Record 78 of 700 | arraial do cabo,"http://api.openweathermap.org/data/2.5/weather?APPID=17db9e1af5acb7f2c237c56cb9715905&units=imperial&q=arraial do cabo,br"
Record 79 of 700 | tuatapere,"http://api.openweathermap.org/data/2.5/weather?APPID=17db9e1af5acb7f2c237c56cb9715905&units=imperial&q=tuatapere,nz"
Record 80 of 700 | cabo san lucas,"http://api.openweathermap.org/data/2.5/weather?APPID=17db9e1af5acb7f2c237c56cb9715905&units=imperial&q=cabo san lucas,mx"
Record 81 of 700 | clyde river,"http://api.openweathermap.org/data/2.5/weather?APPID=17db9e1af5acb7f2c237c56cb9715905&units=imperial&q=clyde river,ca"
Record 82 of 700 | mount isa,"http://api.openweathermap.org/data/2.5/weather?APPID=17db9e1af5acb7f2c237c56cb9715905&units=imperial&q=mount isa,au"
Record 83 of 700 | punta arenas,"http://api.openweathermap.org/data/2.5/weather?APPID=17db9e1af5acb7f2c237c56cb9715905&units=imperial&q=punta arenas,cl"
Record 84 of 700 | port elizabeth,"http://api.openweathermap.org/data/2.5/weather?APPID=17db9e1af5acb7f2c237c56cb9715905&units=imperial&q=port elizabeth,za"
Record 85 of 700 | tambovka,"http://api.openweathermap.org/data/2.5/weather?APPID=17db9e1af5acb7f2c237c56cb9715905&units=imperial&q=tambovka,ru"
Record 86 of 700 | saint-leu,"http://api.openweathermap.org/data/2.5/weather?APPID=17db9e1af5acb7f2c237c56cb9715905&units=imperial&q=saint-leu,re"
Record 87 of 700 | kapaa,"http://api.openweathermap.org/data/2.5/weather?APPID=17db9e1af5acb7f2c237c56cb9715905&units=imperial&q=kapaa,us"
Record 88 of 700 | fairbanks,"http://api.openweathermap.org/data/2.5/weather?APPID=17db9e1af5acb7f2c237c56cb9715905&units=imperial&q=fairbanks,us"
Record 89 of 700 | saint-francois,"http://api.openweathermap.org/data/2.5/weather?APPID=17db9e1af5acb7f2c237c56cb9715905&units=imperial&q=saint-francois,gp"
Record 90 of 700 | port alfred,"http://api.openweathermap.org/data/2.5/weather?APPID=17db9e1af5acb7f2c237c56cb9715905&units=imperial&q=port alfred,za"
Record 91 of 700 | ushuaia,"http://api.openweathermap.org/data/2.5/weather?APPID=17db9e1af5acb7f2c237c56cb9715905&units=imperial&q=ushuaia,ar"
Record 93 of 700 | albany,"http://api.openweathermap.org/data/2.5/weather?APPID=17db9e1af5acb7f2c237c56cb9715905&units=imperial&q=albany,au"
Record 94 of 700 | tuktoyaktuk,"http://api.openweathermap.org/data/2.5/weather?APPID=17db9e1af5acb7f2c237c56cb9715905&units=imperial&q=tuktoyaktuk,ca"
Record 95 of 700 | east london,"http://api.openweathermap.org/data/2.5/weather?APPID=17db9e1af5acb7f2c237c56cb9715905&units=imperial&q=east london,za"
Record 96 of 700 | vaini,"http://api.openweathermap.org/data/2.5/weather?APPID=17db9e1af5acb7f2c237c56cb9715905&units=imperial&q=vaini,to"
Record 97 of 700 | maceio,"http://api.openweathermap.org/data/2.5/weather?APPID=17db9e1af5acb7f2c237c56cb9715905&units=imperial&q=maceio,br"
Record 98 of 700 | tasiilaq,"http://api.openweathermap.org/data/2.5/weather?APPID=17db9e1af5acb7f2c237c56cb9715905&units=imperial&q=tasiilaq,gl"
Record 99 of 700 | grand gaube,"http://api.openweathermap.org/data/2.5/weather?APPID=17db9e1af5acb7f2c237c56cb9715905&units=imperial&q=grand gaube,mu"
Record 100 of 700 | tuktoyaktuk,"http://api.openweathermap.org/data/2.5/weather?APPID=17db9e1af5acb7f2c237c56cb9715905&units=imperial&q=tuktoyaktuk,ca"
Record 101 of 700 | tamiahua,"http://api.openweathermap.org/data/2.5/weather?APPID=17db9e1af5acb7f2c237c56cb9715905&units=imperial&q=tamiahua,mx"
Record 103 of 700 | barrow,"http://api.openweathermap.org/data/2.5/weather?APPID=17db9e1af5acb7f2c237c56cb9715905&units=imperial&q=barrow,us"
Record 104 of 700 | rikitea,"http://api.openweathermap.org/data/2.5/weather?APPID=17db9e1af5acb7f2c237c56cb9715905&units=imperial&q=rikitea,pf"
Record 105 of 700 | albany,"http://api.openweathermap.org/data/2.5/weather?APPID=17db9e1af5acb7f2c237c56cb9715905&units=imperial&q=albany,au"
Record 106 of 700 | senador jose porfirio,"http://api.openweathermap.org/data/2.5/weather?APPID=17db9e1af5acb7f2c237c56cb9715905&units=imperial&q=senador jose porfirio,br"
Record 107 of 700 | qaanaaq,"http://api.openweathermap.org/data/2.5/weather?APPID=17db9e1af5acb7f2c237c56cb9715905&units=imperial&q=qaanaaq,gl"
Record 108 of 700 | mao,"http://api.openweathermap.org/data/2.5/weather?APPID=17db9e1af5acb7f2c237c56cb9715905&units=imperial&q=mao,td"
Record 109 of 700 | kununurra,"http://api.openweathermap.org/data/2.5/weather?APPID=17db9e1af5acb7f2c237c56cb9715905&units=imperial&q=kununurra,au"
Record 111 of 700 | pachelma,"http://api.openweathermap.org/data/2.5/weather?APPID=17db9e1af5acb7f2c237c56cb9715905&units=imperial&q=pachelma,ru"
Record 112 of 700 | dikson,"http://api.openweathermap.org/data/2.5/weather?APPID=17db9e1af5acb7f2c237c56cb9715905&units=imperial&q=dikson,ru"
Record 114 of 700 | jamestown,"http://api.openweathermap.org/data/2.5/weather?APPID=17db9e1af5acb7f2c237c56cb9715905&units=imperial&q=jamestown,sh"
Record 115 of 700 | vaini,"http://api.openweathermap.org/data/2.5/weather?APPID=17db9e1af5acb7f2c237c56cb9715905&units=imperial&q=vaini,to"
Record 116 of 700 | vaini,"http://api.openweathermap.org/data/2.5/weather?APPID=17db9e1af5acb7f2c237c56cb9715905&units=imperial&q=vaini,to"
Record 117 of 700 | ribeira grande,"http://api.openweathermap.org/data/2.5/weather?APPID=17db9e1af5acb7f2c237c56cb9715905&units=imperial&q=ribeira grande,pt"
Record 118 of 700 | ushuaia,"http://api.openweathermap.org/data/2.5/weather?APPID=17db9e1af5acb7f2c237c56cb9715905&units=imperial&q=ushuaia,ar"
Record 119 of 700 | lavrentiya,"http://api.openweathermap.org/data/2.5/weather?APPID=17db9e1af5acb7f2c237c56cb9715905&units=imperial&q=lavrentiya,ru"
Record 120 of 700 | rikitea,"http://api.openweathermap.org/data/2.5/weather?APPID=17db9e1af5acb7f2c237c56cb9715905&units=imperial&q=rikitea,pf"
Record 121 of 700 | opuwo,"http://api.openweathermap.org/data/2.5/weather?APPID=17db9e1af5acb7f2c237c56cb9715905&units=imperial&q=opuwo,na"
Record 122 of 700 | peniche,"http://api.openweathermap.org/data/2.5/weather?APPID=17db9e1af5acb7f2c237c56cb9715905&units=imperial&q=peniche,pt"
Record 123 of 700 | ribeira grande,"http://api.openweathermap.org/data/2.5/weather?APPID=17db9e1af5acb7f2c237c56cb9715905&units=imperial&q=ribeira grande,pt"
Record 124 of 700 | qaanaaq,"http://api.openweathermap.org/data/2.5/weather?APPID=17db9e1af5acb7f2c237c56cb9715905&units=imperial&q=qaanaaq,gl"
Record 125 of 700 | port elizabeth,"http://api.openweathermap.org/data/2.5/weather?APPID=17db9e1af5acb7f2c237c56cb9715905&units=imperial&q=port elizabeth,za"
Record 126 of 700 | port hardy,"http://api.openweathermap.org/data/2.5/weather?APPID=17db9e1af5acb7f2c237c56cb9715905&units=imperial&q=port hardy,ca"
Record 127 of 700 | nuuk,"http://api.openweathermap.org/data/2.5/weather?APPID=17db9e1af5acb7f2c237c56cb9715905&units=imperial&q=nuuk,gl"
Record 128 of 700 | busselton,"http://api.openweathermap.org/data/2.5/weather?APPID=17db9e1af5acb7f2c237c56cb9715905&units=imperial&q=busselton,au"
Record 129 of 700 | vestmannaeyjar,"http://api.openweathermap.org/data/2.5/weather?APPID=17db9e1af5acb7f2c237c56cb9715905&units=imperial&q=vestmannaeyjar,is"
Record 130 of 700 | cap-aux-meules,"http://api.openweathermap.org/data/2.5/weather?APPID=17db9e1af5acb7f2c237c56cb9715905&units=imperial&q=cap-aux-meules,ca"
Record 131 of 700 | port elizabeth,"http://api.openweathermap.org/data/2.5/weather?APPID=17db9e1af5acb7f2c237c56cb9715905&units=imperial&q=port elizabeth,za"
Record 132 of 700 | hithadhoo,"http://api.openweathermap.org/data/2.5/weather?APPID=17db9e1af5acb7f2c237c56cb9715905&units=imperial&q=hithadhoo,mv"
Record 133 of 700 | atuona,"http://api.openweathermap.org/data/2.5/weather?APPID=17db9e1af5acb7f2c237c56cb9715905&units=imperial&q=atuona,pf"
Record 135 of 700 | puerto ayora,"http://api.openweathermap.org/data/2.5/weather?APPID=17db9e1af5acb7f2c237c56cb9715905&units=imperial&q=puerto ayora,ec"
Record 136 of 700 | lagoa,"http://api.openweathermap.org/data/2.5/weather?APPID=17db9e1af5acb7f2c237c56cb9715905&units=imperial&q=lagoa,pt"
Record 137 of 700 | ilulissat,"http://api.openweathermap.org/data/2.5/weather?APPID=17db9e1af5acb7f2c237c56cb9715905&units=imperial&q=ilulissat,gl"
Record 139 of 700 | mount gambier,"http://api.openweathermap.org/data/2.5/weather?APPID=17db9e1af5acb7f2c237c56cb9715905&units=imperial&q=mount gambier,au"
Record 140 of 700 | arraial do cabo,"http://api.openweathermap.org/data/2.5/weather?APPID=17db9e1af5acb7f2c237c56cb9715905&units=imperial&q=arraial do cabo,br"
Record 141 of 700 | nikolskoye,"http://api.openweathermap.org/data/2.5/weather?APPID=17db9e1af5acb7f2c237c56cb9715905&units=imperial&q=nikolskoye,ru"
Record 142 of 700 | estelle,"http://api.openweathermap.org/data/2.5/weather?APPID=17db9e1af5acb7f2c237c56cb9715905&units=imperial&q=estelle,us"
Record 143 of 700 | georgetown,"http://api.openweathermap.org/data/2.5/weather?APPID=17db9e1af5acb7f2c237c56cb9715905&units=imperial&q=georgetown,sh"
Record 144 of 700 | jamestown,"http://api.openweathermap.org/data/2.5/weather?APPID=17db9e1af5acb7f2c237c56cb9715905&units=imperial&q=jamestown,sh"
Record 145 of 700 | maniitsoq,"http://api.openweathermap.org/data/2.5/weather?APPID=17db9e1af5acb7f2c237c56cb9715905&units=imperial&q=maniitsoq,gl"
Record 147 of 700 | maumere,"http://api.openweathermap.org/data/2.5/weather?APPID=17db9e1af5acb7f2c237c56cb9715905&units=imperial&q=maumere,id"
Record 148 of 700 | souillac,"http://api.openweathermap.org/data/2.5/weather?APPID=17db9e1af5acb7f2c237c56cb9715905&units=imperial&q=souillac,mu"
Record 149 of 700 | bambous virieux,"http://api.openweathermap.org/data/2.5/weather?APPID=17db9e1af5acb7f2c237c56cb9715905&units=imperial&q=bambous virieux,mu"
Record 150 of 700 | neiafu,"http://api.openweathermap.org/data/2.5/weather?APPID=17db9e1af5acb7f2c237c56cb9715905&units=imperial&q=neiafu,to"
Record 151 of 700 | am timan,"http://api.openweathermap.org/data/2.5/weather?APPID=17db9e1af5acb7f2c237c56cb9715905&units=imperial&q=am timan,td"
Record 152 of 700 | rikitea,"http://api.openweathermap.org/data/2.5/weather?APPID=17db9e1af5acb7f2c237c56cb9715905&units=imperial&q=rikitea,pf"
Record 153 of 700 | vaini,"http://api.openweathermap.org/data/2.5/weather?APPID=17db9e1af5acb7f2c237c56cb9715905&units=imperial&q=vaini,to"
Record 154 of 700 | punta alta,"http://api.openweathermap.org/data/2.5/weather?APPID=17db9e1af5acb7f2c237c56cb9715905&units=imperial&q=punta alta,ar"
Record 155 of 700 | okhotsk,"http://api.openweathermap.org/data/2.5/weather?APPID=17db9e1af5acb7f2c237c56cb9715905&units=imperial&q=okhotsk,ru"
Record 156 of 700 | port alfred,"http://api.openweathermap.org/data/2.5/weather?APPID=17db9e1af5acb7f2c237c56cb9715905&units=imperial&q=port alfred,za"
Record 157 of 700 | albany,"http://api.openweathermap.org/data/2.5/weather?APPID=17db9e1af5acb7f2c237c56cb9715905&units=imperial&q=albany,au"
Record 158 of 700 | port elizabeth,"http://api.openweathermap.org/data/2.5/weather?APPID=17db9e1af5acb7f2c237c56cb9715905&units=imperial&q=port elizabeth,za"
Record 161 of 700 | yellowknife,"http://api.openweathermap.org/data/2.5/weather?APPID=17db9e1af5acb7f2c237c56cb9715905&units=imperial&q=yellowknife,ca"
Record 162 of 700 | kautokeino,"http://api.openweathermap.org/data/2.5/weather?APPID=17db9e1af5acb7f2c237c56cb9715905&units=imperial&q=kautokeino,no"
Record 163 of 700 | hobart,"http://api.openweathermap.org/data/2.5/weather?APPID=17db9e1af5acb7f2c237c56cb9715905&units=imperial&q=hobart,au"
Record 164 of 700 | hobart,"http://api.openweathermap.org/data/2.5/weather?APPID=17db9e1af5acb7f2c237c56cb9715905&units=imperial&q=hobart,au"
Record 166 of 700 | tasiilaq,"http://api.openweathermap.org/data/2.5/weather?APPID=17db9e1af5acb7f2c237c56cb9715905&units=imperial&q=tasiilaq,gl"
Record 167 of 700 | ati,"http://api.openweathermap.org/data/2.5/weather?APPID=17db9e1af5acb7f2c237c56cb9715905&units=imperial&q=ati,td"
Record 168 of 700 | aklavik,"http://api.openweathermap.org/data/2.5/weather?APPID=17db9e1af5acb7f2c237c56cb9715905&units=imperial&q=aklavik,ca"
Record 169 of 700 | carnarvon,"http://api.openweathermap.org/data/2.5/weather?APPID=17db9e1af5acb7f2c237c56cb9715905&units=imperial&q=carnarvon,au"
Record 170 of 700 | bukoba,"http://api.openweathermap.org/data/2.5/weather?APPID=17db9e1af5acb7f2c237c56cb9715905&units=imperial&q=bukoba,tz"
Record 171 of 700 | nichinan,"http://api.openweathermap.org/data/2.5/weather?APPID=17db9e1af5acb7f2c237c56cb9715905&units=imperial&q=nichinan,jp"
Record 172 of 700 | gorontalo,"http://api.openweathermap.org/data/2.5/weather?APPID=17db9e1af5acb7f2c237c56cb9715905&units=imperial&q=gorontalo,id"
Record 173 of 700 | castro,"http://api.openweathermap.org/data/2.5/weather?APPID=17db9e1af5acb7f2c237c56cb9715905&units=imperial&q=castro,cl"
Record 174 of 700 | alofi,"http://api.openweathermap.org/data/2.5/weather?APPID=17db9e1af5acb7f2c237c56cb9715905&units=imperial&q=alofi,nu"
Record 175 of 700 | yellowknife,"http://api.openweathermap.org/data/2.5/weather?APPID=17db9e1af5acb7f2c237c56cb9715905&units=imperial&q=yellowknife,ca"
Record 176 of 700 | minot,"http://api.openweathermap.org/data/2.5/weather?APPID=17db9e1af5acb7f2c237c56cb9715905&units=imperial&q=minot,us"
Record 178 of 700 | tilichiki,"http://api.openweathermap.org/data/2.5/weather?APPID=17db9e1af5acb7f2c237c56cb9715905&units=imperial&q=tilichiki,ru"
Record 179 of 700 | petropavlovsk-kamchatskiy,"http://api.openweathermap.org/data/2.5/weather?APPID=17db9e1af5acb7f2c237c56cb9715905&units=imperial&q=petropavlovsk-kamchatskiy,ru"
Record 180 of 700 | rochegda,"http://api.openweathermap.org/data/2.5/weather?APPID=17db9e1af5acb7f2c237c56cb9715905&units=imperial&q=rochegda,ru"
Record 181 of 700 | sal rei,"http://api.openweathermap.org/data/2.5/weather?APPID=17db9e1af5acb7f2c237c56cb9715905&units=imperial&q=sal rei,cv"
Record 182 of 700 | aswan,"http://api.openweathermap.org/data/2.5/weather?APPID=17db9e1af5acb7f2c237c56cb9715905&units=imperial&q=aswan,eg"
Record 183 of 700 | busselton,"http://api.openweathermap.org/data/2.5/weather?APPID=17db9e1af5acb7f2c237c56cb9715905&units=imperial&q=busselton,au"
Record 184 of 700 | rikitea,"http://api.openweathermap.org/data/2.5/weather?APPID=17db9e1af5acb7f2c237c56cb9715905&units=imperial&q=rikitea,pf"
Record 185 of 700 | albany,"http://api.openweathermap.org/data/2.5/weather?APPID=17db9e1af5acb7f2c237c56cb9715905&units=imperial&q=albany,au"
Record 186 of 700 | dunedin,"http://api.openweathermap.org/data/2.5/weather?APPID=17db9e1af5acb7f2c237c56cb9715905&units=imperial&q=dunedin,nz"
Record 187 of 700 | punta arenas,"http://api.openweathermap.org/data/2.5/weather?APPID=17db9e1af5acb7f2c237c56cb9715905&units=imperial&q=punta arenas,cl"
Record 188 of 700 | verkhoyansk,"http://api.openweathermap.org/data/2.5/weather?APPID=17db9e1af5acb7f2c237c56cb9715905&units=imperial&q=verkhoyansk,ru"
Record 189 of 700 | dartford,"http://api.openweathermap.org/data/2.5/weather?APPID=17db9e1af5acb7f2c237c56cb9715905&units=imperial&q=dartford,gb"
Record 190 of 700 | impfondo,"http://api.openweathermap.org/data/2.5/weather?APPID=17db9e1af5acb7f2c237c56cb9715905&units=imperial&q=impfondo,cg"
Record 191 of 700 | ushuaia,"http://api.openweathermap.org/data/2.5/weather?APPID=17db9e1af5acb7f2c237c56cb9715905&units=imperial&q=ushuaia,ar"
Record 192 of 700 | the pas,"http://api.openweathermap.org/data/2.5/weather?APPID=17db9e1af5acb7f2c237c56cb9715905&units=imperial&q=the pas,ca"
Record 193 of 700 | jalu,"http://api.openweathermap.org/data/2.5/weather?APPID=17db9e1af5acb7f2c237c56cb9715905&units=imperial&q=jalu,ly"
Record 194 of 700 | turbat,"http://api.openweathermap.org/data/2.5/weather?APPID=17db9e1af5acb7f2c237c56cb9715905&units=imperial&q=turbat,pk"
Record 197 of 700 | havoysund,"http://api.openweathermap.org/data/2.5/weather?APPID=17db9e1af5acb7f2c237c56cb9715905&units=imperial&q=havoysund,no"
Record 199 of 700 | pevek,"http://api.openweathermap.org/data/2.5/weather?APPID=17db9e1af5acb7f2c237c56cb9715905&units=imperial&q=pevek,ru"
Record 200 of 700 | ribeira grande,"http://api.openweathermap.org/data/2.5/weather?APPID=17db9e1af5acb7f2c237c56cb9715905&units=imperial&q=ribeira grande,pt"
Record 201 of 700 | kapaa,"http://api.openweathermap.org/data/2.5/weather?APPID=17db9e1af5acb7f2c237c56cb9715905&units=imperial&q=kapaa,us"
Record 202 of 700 | lompoc,"http://api.openweathermap.org/data/2.5/weather?APPID=17db9e1af5acb7f2c237c56cb9715905&units=imperial&q=lompoc,us"
Record 203 of 700 | sioux lookout,"http://api.openweathermap.org/data/2.5/weather?APPID=17db9e1af5acb7f2c237c56cb9715905&units=imperial&q=sioux lookout,ca"
Record 204 of 700 | sabzevar,"http://api.openweathermap.org/data/2.5/weather?APPID=17db9e1af5acb7f2c237c56cb9715905&units=imperial&q=sabzevar,ir"
Record 205 of 700 | bredasdorp,"http://api.openweathermap.org/data/2.5/weather?APPID=17db9e1af5acb7f2c237c56cb9715905&units=imperial&q=bredasdorp,za"
Record 208 of 700 | port lincoln,"http://api.openweathermap.org/data/2.5/weather?APPID=17db9e1af5acb7f2c237c56cb9715905&units=imperial&q=port lincoln,au"
Record 209 of 700 | kapaa,"http://api.openweathermap.org/data/2.5/weather?APPID=17db9e1af5acb7f2c237c56cb9715905&units=imperial&q=kapaa,us"
Record 210 of 700 | ushuaia,"http://api.openweathermap.org/data/2.5/weather?APPID=17db9e1af5acb7f2c237c56cb9715905&units=imperial&q=ushuaia,ar"
Record 211 of 700 | fairbanks,"http://api.openweathermap.org/data/2.5/weather?APPID=17db9e1af5acb7f2c237c56cb9715905&units=imperial&q=fairbanks,us"
Record 212 of 700 | dongsheng,"http://api.openweathermap.org/data/2.5/weather?APPID=17db9e1af5acb7f2c237c56cb9715905&units=imperial&q=dongsheng,cn"
Record 214 of 700 | vaini,"http://api.openweathermap.org/data/2.5/weather?APPID=17db9e1af5acb7f2c237c56cb9715905&units=imperial&q=vaini,to"
Record 215 of 700 | tasiilaq,"http://api.openweathermap.org/data/2.5/weather?APPID=17db9e1af5acb7f2c237c56cb9715905&units=imperial&q=tasiilaq,gl"
Record 216 of 700 | port alfred,"http://api.openweathermap.org/data/2.5/weather?APPID=17db9e1af5acb7f2c237c56cb9715905&units=imperial&q=port alfred,za"
Record 217 of 700 | jamestown,"http://api.openweathermap.org/data/2.5/weather?APPID=17db9e1af5acb7f2c237c56cb9715905&units=imperial&q=jamestown,sh"
Record 219 of 700 | arraial do cabo,"http://api.openweathermap.org/data/2.5/weather?APPID=17db9e1af5acb7f2c237c56cb9715905&units=imperial&q=arraial do cabo,br"
Record 220 of 700 | yellowknife,"http://api.openweathermap.org/data/2.5/weather?APPID=17db9e1af5acb7f2c237c56cb9715905&units=imperial&q=yellowknife,ca"
Record 221 of 700 | severo-kurilsk,"http://api.openweathermap.org/data/2.5/weather?APPID=17db9e1af5acb7f2c237c56cb9715905&units=imperial&q=severo-kurilsk,ru"
Record 222 of 700 | kokuy,"http://api.openweathermap.org/data/2.5/weather?APPID=17db9e1af5acb7f2c237c56cb9715905&units=imperial&q=kokuy,ru"
Record 224 of 700 | rikitea,"http://api.openweathermap.org/data/2.5/weather?APPID=17db9e1af5acb7f2c237c56cb9715905&units=imperial&q=rikitea,pf"
Record 225 of 700 | tiksi,"http://api.openweathermap.org/data/2.5/weather?APPID=17db9e1af5acb7f2c237c56cb9715905&units=imperial&q=tiksi,ru"
Record 227 of 700 | barrow,"http://api.openweathermap.org/data/2.5/weather?APPID=17db9e1af5acb7f2c237c56cb9715905&units=imperial&q=barrow,us"
Record 228 of 700 | surgut,"http://api.openweathermap.org/data/2.5/weather?APPID=17db9e1af5acb7f2c237c56cb9715905&units=imperial&q=surgut,ru"
Record 229 of 700 | castro,"http://api.openweathermap.org/data/2.5/weather?APPID=17db9e1af5acb7f2c237c56cb9715905&units=imperial&q=castro,cl"
Record 230 of 700 | ushuaia,"http://api.openweathermap.org/data/2.5/weather?APPID=17db9e1af5acb7f2c237c56cb9715905&units=imperial&q=ushuaia,ar"
Record 231 of 700 | alice springs,"http://api.openweathermap.org/data/2.5/weather?APPID=17db9e1af5acb7f2c237c56cb9715905&units=imperial&q=alice springs,au"
Record 232 of 700 | rikitea,"http://api.openweathermap.org/data/2.5/weather?APPID=17db9e1af5acb7f2c237c56cb9715905&units=imperial&q=rikitea,pf"
Record 233 of 700 | zhigansk,"http://api.openweathermap.org/data/2.5/weather?APPID=17db9e1af5acb7f2c237c56cb9715905&units=imperial&q=zhigansk,ru"
Record 234 of 700 | upernavik,"http://api.openweathermap.org/data/2.5/weather?APPID=17db9e1af5acb7f2c237c56cb9715905&units=imperial&q=upernavik,gl"
Record 235 of 700 | okhotsk,"http://api.openweathermap.org/data/2.5/weather?APPID=17db9e1af5acb7f2c237c56cb9715905&units=imperial&q=okhotsk,ru"
Record 236 of 700 | cidreira,"http://api.openweathermap.org/data/2.5/weather?APPID=17db9e1af5acb7f2c237c56cb9715905&units=imperial&q=cidreira,br"
Record 237 of 700 | hilo,"http://api.openweathermap.org/data/2.5/weather?APPID=17db9e1af5acb7f2c237c56cb9715905&units=imperial&q=hilo,us"
Record 239 of 700 | takab,"http://api.openweathermap.org/data/2.5/weather?APPID=17db9e1af5acb7f2c237c56cb9715905&units=imperial&q=takab,ir"
Record 240 of 700 | san patricio,"http://api.openweathermap.org/data/2.5/weather?APPID=17db9e1af5acb7f2c237c56cb9715905&units=imperial&q=san patricio,mx"
Record 241 of 700 | ushuaia,"http://api.openweathermap.org/data/2.5/weather?APPID=17db9e1af5acb7f2c237c56cb9715905&units=imperial&q=ushuaia,ar"
Record 242 of 700 | bambous virieux,"http://api.openweathermap.org/data/2.5/weather?APPID=17db9e1af5acb7f2c237c56cb9715905&units=imperial&q=bambous virieux,mu"
Record 243 of 700 | pevek,"http://api.openweathermap.org/data/2.5/weather?APPID=17db9e1af5acb7f2c237c56cb9715905&units=imperial&q=pevek,ru"
Record 244 of 700 | thompson,"http://api.openweathermap.org/data/2.5/weather?APPID=17db9e1af5acb7f2c237c56cb9715905&units=imperial&q=thompson,ca"
Record 245 of 700 | thompson,"http://api.openweathermap.org/data/2.5/weather?APPID=17db9e1af5acb7f2c237c56cb9715905&units=imperial&q=thompson,ca"
Record 246 of 700 | ilulissat,"http://api.openweathermap.org/data/2.5/weather?APPID=17db9e1af5acb7f2c237c56cb9715905&units=imperial&q=ilulissat,gl"
Record 247 of 700 | zalantun,"http://api.openweathermap.org/data/2.5/weather?APPID=17db9e1af5acb7f2c237c56cb9715905&units=imperial&q=zalantun,cn"
Record 249 of 700 | norden,"http://api.openweathermap.org/data/2.5/weather?APPID=17db9e1af5acb7f2c237c56cb9715905&units=imperial&q=norden,de"
Record 250 of 700 | pangody,"http://api.openweathermap.org/data/2.5/weather?APPID=17db9e1af5acb7f2c237c56cb9715905&units=imperial&q=pangody,ru"
Record 251 of 700 | kapaa,"http://api.openweathermap.org/data/2.5/weather?APPID=17db9e1af5acb7f2c237c56cb9715905&units=imperial&q=kapaa,us"
Record 252 of 700 | nerchinskiy zavod,"http://api.openweathermap.org/data/2.5/weather?APPID=17db9e1af5acb7f2c237c56cb9715905&units=imperial&q=nerchinskiy zavod,ru"
Record 253 of 700 | cardston,"http://api.openweathermap.org/data/2.5/weather?APPID=17db9e1af5acb7f2c237c56cb9715905&units=imperial&q=cardston,ca"
Record 254 of 700 | micheweni,"http://api.openweathermap.org/data/2.5/weather?APPID=17db9e1af5acb7f2c237c56cb9715905&units=imperial&q=micheweni,tz"
Record 256 of 700 | bredasdorp,"http://api.openweathermap.org/data/2.5/weather?APPID=17db9e1af5acb7f2c237c56cb9715905&units=imperial&q=bredasdorp,za"
Record 257 of 700 | abha,"http://api.openweathermap.org/data/2.5/weather?APPID=17db9e1af5acb7f2c237c56cb9715905&units=imperial&q=abha,sa"
Record 258 of 700 | butaritari,"http://api.openweathermap.org/data/2.5/weather?APPID=17db9e1af5acb7f2c237c56cb9715905&units=imperial&q=butaritari,ki"
Record 259 of 700 | nautla,"http://api.openweathermap.org/data/2.5/weather?APPID=17db9e1af5acb7f2c237c56cb9715905&units=imperial&q=nautla,mx"
Record 260 of 700 | nanortalik,"http://api.openweathermap.org/data/2.5/weather?APPID=17db9e1af5acb7f2c237c56cb9715905&units=imperial&q=nanortalik,gl"
Record 261 of 700 | thompson,"http://api.openweathermap.org/data/2.5/weather?APPID=17db9e1af5acb7f2c237c56cb9715905&units=imperial&q=thompson,ca"
Record 263 of 700 | arraial do cabo,"http://api.openweathermap.org/data/2.5/weather?APPID=17db9e1af5acb7f2c237c56cb9715905&units=imperial&q=arraial do cabo,br"
Record 264 of 700 | cockburn town,"http://api.openweathermap.org/data/2.5/weather?APPID=17db9e1af5acb7f2c237c56cb9715905&units=imperial&q=cockburn town,tc"
Record 265 of 700 | busselton,"http://api.openweathermap.org/data/2.5/weather?APPID=17db9e1af5acb7f2c237c56cb9715905&units=imperial&q=busselton,au"
Record 267 of 700 | leningradskiy,"http://api.openweathermap.org/data/2.5/weather?APPID=17db9e1af5acb7f2c237c56cb9715905&units=imperial&q=leningradskiy,ru"
Record 268 of 700 | guiberoua,"http://api.openweathermap.org/data/2.5/weather?APPID=17db9e1af5acb7f2c237c56cb9715905&units=imperial&q=guiberoua,ci"
Record 269 of 700 | bredasdorp,"http://api.openweathermap.org/data/2.5/weather?APPID=17db9e1af5acb7f2c237c56cb9715905&units=imperial&q=bredasdorp,za"
Record 270 of 700 | atuona,"http://api.openweathermap.org/data/2.5/weather?APPID=17db9e1af5acb7f2c237c56cb9715905&units=imperial&q=atuona,pf"
Record 271 of 700 | saint-philippe,"http://api.openweathermap.org/data/2.5/weather?APPID=17db9e1af5acb7f2c237c56cb9715905&units=imperial&q=saint-philippe,re"
Record 272 of 700 | georgetown,"http://api.openweathermap.org/data/2.5/weather?APPID=17db9e1af5acb7f2c237c56cb9715905&units=imperial&q=georgetown,sh"
Record 273 of 700 | avarua,"http://api.openweathermap.org/data/2.5/weather?APPID=17db9e1af5acb7f2c237c56cb9715905&units=imperial&q=avarua,ck"
Record 274 of 700 | punta arenas,"http://api.openweathermap.org/data/2.5/weather?APPID=17db9e1af5acb7f2c237c56cb9715905&units=imperial&q=punta arenas,cl"
Record 275 of 700 | longyearbyen,"http://api.openweathermap.org/data/2.5/weather?APPID=17db9e1af5acb7f2c237c56cb9715905&units=imperial&q=longyearbyen,sj"
Record 276 of 700 | bojnurd,"http://api.openweathermap.org/data/2.5/weather?APPID=17db9e1af5acb7f2c237c56cb9715905&units=imperial&q=bojnurd,ir"
Record 277 of 700 | upernavik,"http://api.openweathermap.org/data/2.5/weather?APPID=17db9e1af5acb7f2c237c56cb9715905&units=imperial&q=upernavik,gl"
Record 278 of 700 | tuktoyaktuk,"http://api.openweathermap.org/data/2.5/weather?APPID=17db9e1af5acb7f2c237c56cb9715905&units=imperial&q=tuktoyaktuk,ca"
Record 279 of 700 | tuktoyaktuk,"http://api.openweathermap.org/data/2.5/weather?APPID=17db9e1af5acb7f2c237c56cb9715905&units=imperial&q=tuktoyaktuk,ca"
Record 280 of 700 | ushuaia,"http://api.openweathermap.org/data/2.5/weather?APPID=17db9e1af5acb7f2c237c56cb9715905&units=imperial&q=ushuaia,ar"
Record 281 of 700 | albany,"http://api.openweathermap.org/data/2.5/weather?APPID=17db9e1af5acb7f2c237c56cb9715905&units=imperial&q=albany,au"
Record 282 of 700 | geilo,"http://api.openweathermap.org/data/2.5/weather?APPID=17db9e1af5acb7f2c237c56cb9715905&units=imperial&q=geilo,no"
Record 283 of 700 | kavaratti,"http://api.openweathermap.org/data/2.5/weather?APPID=17db9e1af5acb7f2c237c56cb9715905&units=imperial&q=kavaratti,in"
Record 284 of 700 | cabedelo,"http://api.openweathermap.org/data/2.5/weather?APPID=17db9e1af5acb7f2c237c56cb9715905&units=imperial&q=cabedelo,br"
Record 285 of 700 | busselton,"http://api.openweathermap.org/data/2.5/weather?APPID=17db9e1af5acb7f2c237c56cb9715905&units=imperial&q=busselton,au"
Record 286 of 700 | sterling,"http://api.openweathermap.org/data/2.5/weather?APPID=17db9e1af5acb7f2c237c56cb9715905&units=imperial&q=sterling,us"
Record 287 of 700 | rikitea,"http://api.openweathermap.org/data/2.5/weather?APPID=17db9e1af5acb7f2c237c56cb9715905&units=imperial&q=rikitea,pf"
Record 288 of 700 | barrow,"http://api.openweathermap.org/data/2.5/weather?APPID=17db9e1af5acb7f2c237c56cb9715905&units=imperial&q=barrow,us"
Record 289 of 700 | saint george,"http://api.openweathermap.org/data/2.5/weather?APPID=17db9e1af5acb7f2c237c56cb9715905&units=imperial&q=saint george,bm"
Record 290 of 700 | samarai,"http://api.openweathermap.org/data/2.5/weather?APPID=17db9e1af5acb7f2c237c56cb9715905&units=imperial&q=samarai,pg"
Record 291 of 700 | puerto ayora,"http://api.openweathermap.org/data/2.5/weather?APPID=17db9e1af5acb7f2c237c56cb9715905&units=imperial&q=puerto ayora,ec"
Record 292 of 700 | pevek,"http://api.openweathermap.org/data/2.5/weather?APPID=17db9e1af5acb7f2c237c56cb9715905&units=imperial&q=pevek,ru"
Record 293 of 700 | qaqortoq,"http://api.openweathermap.org/data/2.5/weather?APPID=17db9e1af5acb7f2c237c56cb9715905&units=imperial&q=qaqortoq,gl"
Record 294 of 700 | tiksi,"http://api.openweathermap.org/data/2.5/weather?APPID=17db9e1af5acb7f2c237c56cb9715905&units=imperial&q=tiksi,ru"
Record 295 of 700 | thompson,"http://api.openweathermap.org/data/2.5/weather?APPID=17db9e1af5acb7f2c237c56cb9715905&units=imperial&q=thompson,ca"
Record 296 of 700 | san juan evangelista,"http://api.openweathermap.org/data/2.5/weather?APPID=17db9e1af5acb7f2c237c56cb9715905&units=imperial&q=san juan evangelista,mx"
Record 297 of 700 | severo-kurilsk,"http://api.openweathermap.org/data/2.5/weather?APPID=17db9e1af5acb7f2c237c56cb9715905&units=imperial&q=severo-kurilsk,ru"
Record 298 of 700 | paratinga,"http://api.openweathermap.org/data/2.5/weather?APPID=17db9e1af5acb7f2c237c56cb9715905&units=imperial&q=paratinga,br"
Record 299 of 700 | ortega,"http://api.openweathermap.org/data/2.5/weather?APPID=17db9e1af5acb7f2c237c56cb9715905&units=imperial&q=ortega,co"
Record 301 of 700 | beisfjord,"http://api.openweathermap.org/data/2.5/weather?APPID=17db9e1af5acb7f2c237c56cb9715905&units=imperial&q=beisfjord,no"
Record 302 of 700 | port alfred,"http://api.openweathermap.org/data/2.5/weather?APPID=17db9e1af5acb7f2c237c56cb9715905&units=imperial&q=port alfred,za"
Record 303 of 700 | faanui,"http://api.openweathermap.org/data/2.5/weather?APPID=17db9e1af5acb7f2c237c56cb9715905&units=imperial&q=faanui,pf"
Record 304 of 700 | hermanus,"http://api.openweathermap.org/data/2.5/weather?APPID=17db9e1af5acb7f2c237c56cb9715905&units=imperial&q=hermanus,za"
Record 305 of 700 | port alfred,"http://api.openweathermap.org/data/2.5/weather?APPID=17db9e1af5acb7f2c237c56cb9715905&units=imperial&q=port alfred,za"
Record 306 of 700 | tiksi,"http://api.openweathermap.org/data/2.5/weather?APPID=17db9e1af5acb7f2c237c56cb9715905&units=imperial&q=tiksi,ru"
Record 307 of 700 | saint-philippe,"http://api.openweathermap.org/data/2.5/weather?APPID=17db9e1af5acb7f2c237c56cb9715905&units=imperial&q=saint-philippe,re"
Record 308 of 700 | mehamn,"http://api.openweathermap.org/data/2.5/weather?APPID=17db9e1af5acb7f2c237c56cb9715905&units=imperial&q=mehamn,no"
Record 309 of 700 | busselton,"http://api.openweathermap.org/data/2.5/weather?APPID=17db9e1af5acb7f2c237c56cb9715905&units=imperial&q=busselton,au"
Record 310 of 700 | ushuaia,"http://api.openweathermap.org/data/2.5/weather?APPID=17db9e1af5acb7f2c237c56cb9715905&units=imperial&q=ushuaia,ar"
Record 311 of 700 | broome,"http://api.openweathermap.org/data/2.5/weather?APPID=17db9e1af5acb7f2c237c56cb9715905&units=imperial&q=broome,au"
Record 312 of 700 | fare,"http://api.openweathermap.org/data/2.5/weather?APPID=17db9e1af5acb7f2c237c56cb9715905&units=imperial&q=fare,pf"
Record 314 of 700 | rikitea,"http://api.openweathermap.org/data/2.5/weather?APPID=17db9e1af5acb7f2c237c56cb9715905&units=imperial&q=rikitea,pf"
Record 315 of 700 | xining,"http://api.openweathermap.org/data/2.5/weather?APPID=17db9e1af5acb7f2c237c56cb9715905&units=imperial&q=xining,cn"
Record 316 of 700 | scarborough,"http://api.openweathermap.org/data/2.5/weather?APPID=17db9e1af5acb7f2c237c56cb9715905&units=imperial&q=scarborough,gb"
Record 318 of 700 | koppies,"http://api.openweathermap.org/data/2.5/weather?APPID=17db9e1af5acb7f2c237c56cb9715905&units=imperial&q=koppies,za"
Record 319 of 700 | vaini,"http://api.openweathermap.org/data/2.5/weather?APPID=17db9e1af5acb7f2c237c56cb9715905&units=imperial&q=vaini,to"
Record 320 of 700 | marfino,"http://api.openweathermap.org/data/2.5/weather?APPID=17db9e1af5acb7f2c237c56cb9715905&units=imperial&q=marfino,ru"
Record 322 of 700 | torbay,"http://api.openweathermap.org/data/2.5/weather?APPID=17db9e1af5acb7f2c237c56cb9715905&units=imperial&q=torbay,ca"
Record 323 of 700 | butaritari,"http://api.openweathermap.org/data/2.5/weather?APPID=17db9e1af5acb7f2c237c56cb9715905&units=imperial&q=butaritari,ki"
Record 324 of 700 | islampur,"http://api.openweathermap.org/data/2.5/weather?APPID=17db9e1af5acb7f2c237c56cb9715905&units=imperial&q=islampur,in"
Record 325 of 700 | saskylakh,"http://api.openweathermap.org/data/2.5/weather?APPID=17db9e1af5acb7f2c237c56cb9715905&units=imperial&q=saskylakh,ru"
Record 326 of 700 | port alfred,"http://api.openweathermap.org/data/2.5/weather?APPID=17db9e1af5acb7f2c237c56cb9715905&units=imperial&q=port alfred,za"
Record 327 of 700 | norman wells,"http://api.openweathermap.org/data/2.5/weather?APPID=17db9e1af5acb7f2c237c56cb9715905&units=imperial&q=norman wells,ca"
Record 329 of 700 | tuatapere,"http://api.openweathermap.org/data/2.5/weather?APPID=17db9e1af5acb7f2c237c56cb9715905&units=imperial&q=tuatapere,nz"
Record 330 of 700 | rikitea,"http://api.openweathermap.org/data/2.5/weather?APPID=17db9e1af5acb7f2c237c56cb9715905&units=imperial&q=rikitea,pf"
Record 331 of 700 | the valley,"http://api.openweathermap.org/data/2.5/weather?APPID=17db9e1af5acb7f2c237c56cb9715905&units=imperial&q=the valley,ai"
Record 332 of 700 | albany,"http://api.openweathermap.org/data/2.5/weather?APPID=17db9e1af5acb7f2c237c56cb9715905&units=imperial&q=albany,au"
Record 333 of 700 | flin flon,"http://api.openweathermap.org/data/2.5/weather?APPID=17db9e1af5acb7f2c237c56cb9715905&units=imperial&q=flin flon,ca"
Record 334 of 700 | sistranda,"http://api.openweathermap.org/data/2.5/weather?APPID=17db9e1af5acb7f2c237c56cb9715905&units=imperial&q=sistranda,no"
Record 335 of 700 | hobart,"http://api.openweathermap.org/data/2.5/weather?APPID=17db9e1af5acb7f2c237c56cb9715905&units=imperial&q=hobart,au"
Record 336 of 700 | atambua,"http://api.openweathermap.org/data/2.5/weather?APPID=17db9e1af5acb7f2c237c56cb9715905&units=imperial&q=atambua,id"
Record 337 of 700 | pangnirtung,"http://api.openweathermap.org/data/2.5/weather?APPID=17db9e1af5acb7f2c237c56cb9715905&units=imperial&q=pangnirtung,ca"
Record 338 of 700 | yar-sale,"http://api.openweathermap.org/data/2.5/weather?APPID=17db9e1af5acb7f2c237c56cb9715905&units=imperial&q=yar-sale,ru"
Record 339 of 700 | morondava,"http://api.openweathermap.org/data/2.5/weather?APPID=17db9e1af5acb7f2c237c56cb9715905&units=imperial&q=morondava,mg"
Record 340 of 700 | tasiilaq,"http://api.openweathermap.org/data/2.5/weather?APPID=17db9e1af5acb7f2c237c56cb9715905&units=imperial&q=tasiilaq,gl"
Record 341 of 700 | hobart,"http://api.openweathermap.org/data/2.5/weather?APPID=17db9e1af5acb7f2c237c56cb9715905&units=imperial&q=hobart,au"
Record 342 of 700 | carnarvon,"http://api.openweathermap.org/data/2.5/weather?APPID=17db9e1af5acb7f2c237c56cb9715905&units=imperial&q=carnarvon,au"
Record 343 of 700 | dikson,"http://api.openweathermap.org/data/2.5/weather?APPID=17db9e1af5acb7f2c237c56cb9715905&units=imperial&q=dikson,ru"
Record 344 of 700 | albany,"http://api.openweathermap.org/data/2.5/weather?APPID=17db9e1af5acb7f2c237c56cb9715905&units=imperial&q=albany,au"
Record 345 of 700 | rikitea,"http://api.openweathermap.org/data/2.5/weather?APPID=17db9e1af5acb7f2c237c56cb9715905&units=imperial&q=rikitea,pf"
Record 346 of 700 | port alfred,"http://api.openweathermap.org/data/2.5/weather?APPID=17db9e1af5acb7f2c237c56cb9715905&units=imperial&q=port alfred,za"
Record 347 of 700 | suoyarvi,"http://api.openweathermap.org/data/2.5/weather?APPID=17db9e1af5acb7f2c237c56cb9715905&units=imperial&q=suoyarvi,ru"
Record 348 of 700 | abbeville,"http://api.openweathermap.org/data/2.5/weather?APPID=17db9e1af5acb7f2c237c56cb9715905&units=imperial&q=abbeville,us"
Record 349 of 700 | tuatapere,"http://api.openweathermap.org/data/2.5/weather?APPID=17db9e1af5acb7f2c237c56cb9715905&units=imperial&q=tuatapere,nz"
Record 350 of 700 | ushuaia,"http://api.openweathermap.org/data/2.5/weather?APPID=17db9e1af5acb7f2c237c56cb9715905&units=imperial&q=ushuaia,ar"
Record 351 of 700 | sinnamary,"http://api.openweathermap.org/data/2.5/weather?APPID=17db9e1af5acb7f2c237c56cb9715905&units=imperial&q=sinnamary,gf"
Record 352 of 700 | vaini,"http://api.openweathermap.org/data/2.5/weather?APPID=17db9e1af5acb7f2c237c56cb9715905&units=imperial&q=vaini,to"
Record 353 of 700 | namtsy,"http://api.openweathermap.org/data/2.5/weather?APPID=17db9e1af5acb7f2c237c56cb9715905&units=imperial&q=namtsy,ru"
Record 354 of 700 | keningau,"http://api.openweathermap.org/data/2.5/weather?APPID=17db9e1af5acb7f2c237c56cb9715905&units=imperial&q=keningau,my"
Record 355 of 700 | severo-kurilsk,"http://api.openweathermap.org/data/2.5/weather?APPID=17db9e1af5acb7f2c237c56cb9715905&units=imperial&q=severo-kurilsk,ru"
Record 356 of 700 | vryburg,"http://api.openweathermap.org/data/2.5/weather?APPID=17db9e1af5acb7f2c237c56cb9715905&units=imperial&q=vryburg,za"
Record 358 of 700 | punta arenas,"http://api.openweathermap.org/data/2.5/weather?APPID=17db9e1af5acb7f2c237c56cb9715905&units=imperial&q=punta arenas,cl"
Record 359 of 700 | carnarvon,"http://api.openweathermap.org/data/2.5/weather?APPID=17db9e1af5acb7f2c237c56cb9715905&units=imperial&q=carnarvon,au"
Record 360 of 700 | bay roberts,"http://api.openweathermap.org/data/2.5/weather?APPID=17db9e1af5acb7f2c237c56cb9715905&units=imperial&q=bay roberts,ca"
Record 361 of 700 | puerto lumbreras,"http://api.openweathermap.org/data/2.5/weather?APPID=17db9e1af5acb7f2c237c56cb9715905&units=imperial&q=puerto lumbreras,es"
Record 363 of 700 | vila franca do campo,"http://api.openweathermap.org/data/2.5/weather?APPID=17db9e1af5acb7f2c237c56cb9715905&units=imperial&q=vila franca do campo,pt"
Record 365 of 700 | jutai,"http://api.openweathermap.org/data/2.5/weather?APPID=17db9e1af5acb7f2c237c56cb9715905&units=imperial&q=jutai,br"
Record 366 of 700 | bluff,"http://api.openweathermap.org/data/2.5/weather?APPID=17db9e1af5acb7f2c237c56cb9715905&units=imperial&q=bluff,nz"
Record 367 of 700 | yellowknife,"http://api.openweathermap.org/data/2.5/weather?APPID=17db9e1af5acb7f2c237c56cb9715905&units=imperial&q=yellowknife,ca"
Record 368 of 700 | ornes,"http://api.openweathermap.org/data/2.5/weather?APPID=17db9e1af5acb7f2c237c56cb9715905&units=imperial&q=ornes,no"
Record 369 of 700 | hobart,"http://api.openweathermap.org/data/2.5/weather?APPID=17db9e1af5acb7f2c237c56cb9715905&units=imperial&q=hobart,au"
Record 370 of 700 | vaini,"http://api.openweathermap.org/data/2.5/weather?APPID=17db9e1af5acb7f2c237c56cb9715905&units=imperial&q=vaini,to"
Record 372 of 700 | san patricio,"http://api.openweathermap.org/data/2.5/weather?APPID=17db9e1af5acb7f2c237c56cb9715905&units=imperial&q=san patricio,mx"
Record 373 of 700 | khorol,"http://api.openweathermap.org/data/2.5/weather?APPID=17db9e1af5acb7f2c237c56cb9715905&units=imperial&q=khorol,ua"
Record 374 of 700 | vila velha,"http://api.openweathermap.org/data/2.5/weather?APPID=17db9e1af5acb7f2c237c56cb9715905&units=imperial&q=vila velha,br"
Record 375 of 700 | oriximina,"http://api.openweathermap.org/data/2.5/weather?APPID=17db9e1af5acb7f2c237c56cb9715905&units=imperial&q=oriximina,br"
Record 378 of 700 | luena,"http://api.openweathermap.org/data/2.5/weather?APPID=17db9e1af5acb7f2c237c56cb9715905&units=imperial&q=luena,ao"
Record 379 of 700 | hobyo,"http://api.openweathermap.org/data/2.5/weather?APPID=17db9e1af5acb7f2c237c56cb9715905&units=imperial&q=hobyo,so"
Record 381 of 700 | roma,"http://api.openweathermap.org/data/2.5/weather?APPID=17db9e1af5acb7f2c237c56cb9715905&units=imperial&q=roma,au"
Record 382 of 700 | aklavik,"http://api.openweathermap.org/data/2.5/weather?APPID=17db9e1af5acb7f2c237c56cb9715905&units=imperial&q=aklavik,ca"
Record 383 of 700 | almaznyy,"http://api.openweathermap.org/data/2.5/weather?APPID=17db9e1af5acb7f2c237c56cb9715905&units=imperial&q=almaznyy,ru"
Record 384 of 700 | berlevag,"http://api.openweathermap.org/data/2.5/weather?APPID=17db9e1af5acb7f2c237c56cb9715905&units=imperial&q=berlevag,no"
Record 387 of 700 | zhoukou,"http://api.openweathermap.org/data/2.5/weather?APPID=17db9e1af5acb7f2c237c56cb9715905&units=imperial&q=zhoukou,cn"
Record 388 of 700 | nikolskoye,"http://api.openweathermap.org/data/2.5/weather?APPID=17db9e1af5acb7f2c237c56cb9715905&units=imperial&q=nikolskoye,ru"
Record 389 of 700 | stromness,"http://api.openweathermap.org/data/2.5/weather?APPID=17db9e1af5acb7f2c237c56cb9715905&units=imperial&q=stromness,gb"
Record 390 of 700 | constitucion,"http://api.openweathermap.org/data/2.5/weather?APPID=17db9e1af5acb7f2c237c56cb9715905&units=imperial&q=constitucion,mx"
Record 391 of 700 | dikson,"http://api.openweathermap.org/data/2.5/weather?APPID=17db9e1af5acb7f2c237c56cb9715905&units=imperial&q=dikson,ru"
Record 392 of 700 | norman wells,"http://api.openweathermap.org/data/2.5/weather?APPID=17db9e1af5acb7f2c237c56cb9715905&units=imperial&q=norman wells,ca"
Record 393 of 700 | tacuati,"http://api.openweathermap.org/data/2.5/weather?APPID=17db9e1af5acb7f2c237c56cb9715905&units=imperial&q=tacuati,py"
Record 394 of 700 | ushuaia,"http://api.openweathermap.org/data/2.5/weather?APPID=17db9e1af5acb7f2c237c56cb9715905&units=imperial&q=ushuaia,ar"
Record 396 of 700 | pangnirtung,"http://api.openweathermap.org/data/2.5/weather?APPID=17db9e1af5acb7f2c237c56cb9715905&units=imperial&q=pangnirtung,ca"
Record 398 of 700 | san andres,"http://api.openweathermap.org/data/2.5/weather?APPID=17db9e1af5acb7f2c237c56cb9715905&units=imperial&q=san andres,co"
Record 400 of 700 | carutapera,"http://api.openweathermap.org/data/2.5/weather?APPID=17db9e1af5acb7f2c237c56cb9715905&units=imperial&q=carutapera,br"
Record 401 of 700 | cabo san lucas,"http://api.openweathermap.org/data/2.5/weather?APPID=17db9e1af5acb7f2c237c56cb9715905&units=imperial&q=cabo san lucas,mx"
Record 402 of 700 | saint george,"http://api.openweathermap.org/data/2.5/weather?APPID=17db9e1af5acb7f2c237c56cb9715905&units=imperial&q=saint george,bm"
Record 403 of 700 | rikitea,"http://api.openweathermap.org/data/2.5/weather?APPID=17db9e1af5acb7f2c237c56cb9715905&units=imperial&q=rikitea,pf"
Record 405 of 700 | vaini,"http://api.openweathermap.org/data/2.5/weather?APPID=17db9e1af5acb7f2c237c56cb9715905&units=imperial&q=vaini,to"
Record 406 of 700 | do gonbadan,"http://api.openweathermap.org/data/2.5/weather?APPID=17db9e1af5acb7f2c237c56cb9715905&units=imperial&q=do gonbadan,ir"
Record 408 of 700 | provideniya,"http://api.openweathermap.org/data/2.5/weather?APPID=17db9e1af5acb7f2c237c56cb9715905&units=imperial&q=provideniya,ru"
Record 409 of 700 | la ronge,"http://api.openweathermap.org/data/2.5/weather?APPID=17db9e1af5acb7f2c237c56cb9715905&units=imperial&q=la ronge,ca"
Record 410 of 700 | vaini,"http://api.openweathermap.org/data/2.5/weather?APPID=17db9e1af5acb7f2c237c56cb9715905&units=imperial&q=vaini,to"
Record 411 of 700 | ushuaia,"http://api.openweathermap.org/data/2.5/weather?APPID=17db9e1af5acb7f2c237c56cb9715905&units=imperial&q=ushuaia,ar"
Record 412 of 700 | puerto ayora,"http://api.openweathermap.org/data/2.5/weather?APPID=17db9e1af5acb7f2c237c56cb9715905&units=imperial&q=puerto ayora,ec"
Record 413 of 700 | bilma,"http://api.openweathermap.org/data/2.5/weather?APPID=17db9e1af5acb7f2c237c56cb9715905&units=imperial&q=bilma,ne"
Record 414 of 700 | hilo,"http://api.openweathermap.org/data/2.5/weather?APPID=17db9e1af5acb7f2c237c56cb9715905&units=imperial&q=hilo,us"
Record 415 of 700 | puerto ayora,"http://api.openweathermap.org/data/2.5/weather?APPID=17db9e1af5acb7f2c237c56cb9715905&units=imperial&q=puerto ayora,ec"
Record 416 of 700 | georgetown,"http://api.openweathermap.org/data/2.5/weather?APPID=17db9e1af5acb7f2c237c56cb9715905&units=imperial&q=georgetown,sh"
Record 417 of 700 | nome,"http://api.openweathermap.org/data/2.5/weather?APPID=17db9e1af5acb7f2c237c56cb9715905&units=imperial&q=nome,us"
Record 418 of 700 | tuktoyaktuk,"http://api.openweathermap.org/data/2.5/weather?APPID=17db9e1af5acb7f2c237c56cb9715905&units=imperial&q=tuktoyaktuk,ca"
Record 419 of 700 | saint-pierre,"http://api.openweathermap.org/data/2.5/weather?APPID=17db9e1af5acb7f2c237c56cb9715905&units=imperial&q=saint-pierre,pm"
Record 420 of 700 | praia,"http://api.openweathermap.org/data/2.5/weather?APPID=17db9e1af5acb7f2c237c56cb9715905&units=imperial&q=praia,cv"
Record 421 of 700 | victoria,"http://api.openweathermap.org/data/2.5/weather?APPID=17db9e1af5acb7f2c237c56cb9715905&units=imperial&q=victoria,sc"
Record 422 of 700 | marawi,"http://api.openweathermap.org/data/2.5/weather?APPID=17db9e1af5acb7f2c237c56cb9715905&units=imperial&q=marawi,sd"
Record 423 of 700 | hualmay,"http://api.openweathermap.org/data/2.5/weather?APPID=17db9e1af5acb7f2c237c56cb9715905&units=imperial&q=hualmay,pe"
Record 425 of 700 | albany,"http://api.openweathermap.org/data/2.5/weather?APPID=17db9e1af5acb7f2c237c56cb9715905&units=imperial&q=albany,au"
Record 426 of 700 | ushuaia,"http://api.openweathermap.org/data/2.5/weather?APPID=17db9e1af5acb7f2c237c56cb9715905&units=imperial&q=ushuaia,ar"
Record 427 of 700 | kavieng,"http://api.openweathermap.org/data/2.5/weather?APPID=17db9e1af5acb7f2c237c56cb9715905&units=imperial&q=kavieng,pg"
Record 428 of 700 | rikitea,"http://api.openweathermap.org/data/2.5/weather?APPID=17db9e1af5acb7f2c237c56cb9715905&units=imperial&q=rikitea,pf"
Record 429 of 700 | sao miguel do araguaia,"http://api.openweathermap.org/data/2.5/weather?APPID=17db9e1af5acb7f2c237c56cb9715905&units=imperial&q=sao miguel do araguaia,br"
Record 430 of 700 | menongue,"http://api.openweathermap.org/data/2.5/weather?APPID=17db9e1af5acb7f2c237c56cb9715905&units=imperial&q=menongue,ao"
Record 431 of 700 | kaitangata,"http://api.openweathermap.org/data/2.5/weather?APPID=17db9e1af5acb7f2c237c56cb9715905&units=imperial&q=kaitangata,nz"
Record 432 of 700 | ahipara,"http://api.openweathermap.org/data/2.5/weather?APPID=17db9e1af5acb7f2c237c56cb9715905&units=imperial&q=ahipara,nz"
Record 433 of 700 | riberalta,"http://api.openweathermap.org/data/2.5/weather?APPID=17db9e1af5acb7f2c237c56cb9715905&units=imperial&q=riberalta,bo"
Record 434 of 700 | norman wells,"http://api.openweathermap.org/data/2.5/weather?APPID=17db9e1af5acb7f2c237c56cb9715905&units=imperial&q=norman wells,ca"
Record 435 of 700 | mizunami,"http://api.openweathermap.org/data/2.5/weather?APPID=17db9e1af5acb7f2c237c56cb9715905&units=imperial&q=mizunami,jp"
Record 437 of 700 | severo-kurilsk,"http://api.openweathermap.org/data/2.5/weather?APPID=17db9e1af5acb7f2c237c56cb9715905&units=imperial&q=severo-kurilsk,ru"
Record 438 of 700 | noyabrsk,"http://api.openweathermap.org/data/2.5/weather?APPID=17db9e1af5acb7f2c237c56cb9715905&units=imperial&q=noyabrsk,ru"
Record 439 of 700 | nikolskoye,"http://api.openweathermap.org/data/2.5/weather?APPID=17db9e1af5acb7f2c237c56cb9715905&units=imperial&q=nikolskoye,ru"
Record 441 of 700 | hasaki,"http://api.openweathermap.org/data/2.5/weather?APPID=17db9e1af5acb7f2c237c56cb9715905&units=imperial&q=hasaki,jp"
Record 442 of 700 | saint george,"http://api.openweathermap.org/data/2.5/weather?APPID=17db9e1af5acb7f2c237c56cb9715905&units=imperial&q=saint george,bm"
Record 444 of 700 | hilo,"http://api.openweathermap.org/data/2.5/weather?APPID=17db9e1af5acb7f2c237c56cb9715905&units=imperial&q=hilo,us"
Record 445 of 700 | yar-sale,"http://api.openweathermap.org/data/2.5/weather?APPID=17db9e1af5acb7f2c237c56cb9715905&units=imperial&q=yar-sale,ru"
Record 446 of 700 | ribeira grande,"http://api.openweathermap.org/data/2.5/weather?APPID=17db9e1af5acb7f2c237c56cb9715905&units=imperial&q=ribeira grande,pt"
Record 447 of 700 | hilo,"http://api.openweathermap.org/data/2.5/weather?APPID=17db9e1af5acb7f2c237c56cb9715905&units=imperial&q=hilo,us"
Record 449 of 700 | maxixe,"http://api.openweathermap.org/data/2.5/weather?APPID=17db9e1af5acb7f2c237c56cb9715905&units=imperial&q=maxixe,mz"
Record 450 of 700 | fairbanks,"http://api.openweathermap.org/data/2.5/weather?APPID=17db9e1af5acb7f2c237c56cb9715905&units=imperial&q=fairbanks,us"
Record 451 of 700 | castro,"http://api.openweathermap.org/data/2.5/weather?APPID=17db9e1af5acb7f2c237c56cb9715905&units=imperial&q=castro,cl"
Record 452 of 700 | gavrilov-yam,"http://api.openweathermap.org/data/2.5/weather?APPID=17db9e1af5acb7f2c237c56cb9715905&units=imperial&q=gavrilov-yam,ru"
Record 453 of 700 | barrow,"http://api.openweathermap.org/data/2.5/weather?APPID=17db9e1af5acb7f2c237c56cb9715905&units=imperial&q=barrow,us"
Record 454 of 700 | rikitea,"http://api.openweathermap.org/data/2.5/weather?APPID=17db9e1af5acb7f2c237c56cb9715905&units=imperial&q=rikitea,pf"
Record 455 of 700 | umm lajj,"http://api.openweathermap.org/data/2.5/weather?APPID=17db9e1af5acb7f2c237c56cb9715905&units=imperial&q=umm lajj,sa"
Record 456 of 700 | dongsheng,"http://api.openweathermap.org/data/2.5/weather?APPID=17db9e1af5acb7f2c237c56cb9715905&units=imperial&q=dongsheng,cn"
Record 457 of 700 | maniago,"http://api.openweathermap.org/data/2.5/weather?APPID=17db9e1af5acb7f2c237c56cb9715905&units=imperial&q=maniago,it"
Record 458 of 700 | aklavik,"http://api.openweathermap.org/data/2.5/weather?APPID=17db9e1af5acb7f2c237c56cb9715905&units=imperial&q=aklavik,ca"
Record 459 of 700 | busselton,"http://api.openweathermap.org/data/2.5/weather?APPID=17db9e1af5acb7f2c237c56cb9715905&units=imperial&q=busselton,au"
Record 460 of 700 | ust-nera,"http://api.openweathermap.org/data/2.5/weather?APPID=17db9e1af5acb7f2c237c56cb9715905&units=imperial&q=ust-nera,ru"
Record 461 of 700 | bowen,"http://api.openweathermap.org/data/2.5/weather?APPID=17db9e1af5acb7f2c237c56cb9715905&units=imperial&q=bowen,au"
Record 463 of 700 | mayya,"http://api.openweathermap.org/data/2.5/weather?APPID=17db9e1af5acb7f2c237c56cb9715905&units=imperial&q=mayya,ru"
Record 464 of 700 | jamestown,"http://api.openweathermap.org/data/2.5/weather?APPID=17db9e1af5acb7f2c237c56cb9715905&units=imperial&q=jamestown,sh"
Record 465 of 700 | severo-kurilsk,"http://api.openweathermap.org/data/2.5/weather?APPID=17db9e1af5acb7f2c237c56cb9715905&units=imperial&q=severo-kurilsk,ru"
Record 467 of 700 | chuy,"http://api.openweathermap.org/data/2.5/weather?APPID=17db9e1af5acb7f2c237c56cb9715905&units=imperial&q=chuy,uy"
Record 468 of 700 | dunedin,"http://api.openweathermap.org/data/2.5/weather?APPID=17db9e1af5acb7f2c237c56cb9715905&units=imperial&q=dunedin,nz"
Record 469 of 700 | wuwei,"http://api.openweathermap.org/data/2.5/weather?APPID=17db9e1af5acb7f2c237c56cb9715905&units=imperial&q=wuwei,cn"
Record 470 of 700 | avarua,"http://api.openweathermap.org/data/2.5/weather?APPID=17db9e1af5acb7f2c237c56cb9715905&units=imperial&q=avarua,ck"
Record 471 of 700 | butaritari,"http://api.openweathermap.org/data/2.5/weather?APPID=17db9e1af5acb7f2c237c56cb9715905&units=imperial&q=butaritari,ki"
Record 472 of 700 | ohara,"http://api.openweathermap.org/data/2.5/weather?APPID=17db9e1af5acb7f2c237c56cb9715905&units=imperial&q=ohara,jp"
Record 473 of 700 | qaanaaq,"http://api.openweathermap.org/data/2.5/weather?APPID=17db9e1af5acb7f2c237c56cb9715905&units=imperial&q=qaanaaq,gl"
Record 474 of 700 | norman wells,"http://api.openweathermap.org/data/2.5/weather?APPID=17db9e1af5acb7f2c237c56cb9715905&units=imperial&q=norman wells,ca"
Record 475 of 700 | mahebourg,"http://api.openweathermap.org/data/2.5/weather?APPID=17db9e1af5acb7f2c237c56cb9715905&units=imperial&q=mahebourg,mu"
Record 476 of 700 | vaini,"http://api.openweathermap.org/data/2.5/weather?APPID=17db9e1af5acb7f2c237c56cb9715905&units=imperial&q=vaini,to"
Record 477 of 700 | rikitea,"http://api.openweathermap.org/data/2.5/weather?APPID=17db9e1af5acb7f2c237c56cb9715905&units=imperial&q=rikitea,pf"
Record 478 of 700 | tasiilaq,"http://api.openweathermap.org/data/2.5/weather?APPID=17db9e1af5acb7f2c237c56cb9715905&units=imperial&q=tasiilaq,gl"
Record 479 of 700 | soma,"http://api.openweathermap.org/data/2.5/weather?APPID=17db9e1af5acb7f2c237c56cb9715905&units=imperial&q=soma,jp"
Record 480 of 700 | padang,"http://api.openweathermap.org/data/2.5/weather?APPID=17db9e1af5acb7f2c237c56cb9715905&units=imperial&q=padang,id"
Record 481 of 700 | avarua,"http://api.openweathermap.org/data/2.5/weather?APPID=17db9e1af5acb7f2c237c56cb9715905&units=imperial&q=avarua,ck"
Record 483 of 700 | atuona,"http://api.openweathermap.org/data/2.5/weather?APPID=17db9e1af5acb7f2c237c56cb9715905&units=imperial&q=atuona,pf"
Record 484 of 700 | khatanga,"http://api.openweathermap.org/data/2.5/weather?APPID=17db9e1af5acb7f2c237c56cb9715905&units=imperial&q=khatanga,ru"
Record 485 of 700 | santa rosa,"http://api.openweathermap.org/data/2.5/weather?APPID=17db9e1af5acb7f2c237c56cb9715905&units=imperial&q=santa rosa,ar"
Record 487 of 700 | baruun-urt,"http://api.openweathermap.org/data/2.5/weather?APPID=17db9e1af5acb7f2c237c56cb9715905&units=imperial&q=baruun-urt,mn"
Record 488 of 700 | sitka,"http://api.openweathermap.org/data/2.5/weather?APPID=17db9e1af5acb7f2c237c56cb9715905&units=imperial&q=sitka,us"
Record 489 of 700 | saint george,"http://api.openweathermap.org/data/2.5/weather?APPID=17db9e1af5acb7f2c237c56cb9715905&units=imperial&q=saint george,bm"
Record 490 of 700 | tiksi,"http://api.openweathermap.org/data/2.5/weather?APPID=17db9e1af5acb7f2c237c56cb9715905&units=imperial&q=tiksi,ru"
Record 491 of 700 | bonavista,"http://api.openweathermap.org/data/2.5/weather?APPID=17db9e1af5acb7f2c237c56cb9715905&units=imperial&q=bonavista,ca"
Record 492 of 700 | baculin,"http://api.openweathermap.org/data/2.5/weather?APPID=17db9e1af5acb7f2c237c56cb9715905&units=imperial&q=baculin,ph"
Record 493 of 700 | acapulco,"http://api.openweathermap.org/data/2.5/weather?APPID=17db9e1af5acb7f2c237c56cb9715905&units=imperial&q=acapulco,mx"
Record 494 of 700 | george,"http://api.openweathermap.org/data/2.5/weather?APPID=17db9e1af5acb7f2c237c56cb9715905&units=imperial&q=george,za"
Record 495 of 700 | cidreira,"http://api.openweathermap.org/data/2.5/weather?APPID=17db9e1af5acb7f2c237c56cb9715905&units=imperial&q=cidreira,br"
Record 497 of 700 | nikolskoye,"http://api.openweathermap.org/data/2.5/weather?APPID=17db9e1af5acb7f2c237c56cb9715905&units=imperial&q=nikolskoye,ru"
Record 499 of 700 | voh,"http://api.openweathermap.org/data/2.5/weather?APPID=17db9e1af5acb7f2c237c56cb9715905&units=imperial&q=voh,nc"
Record 500 of 700 | butaritari,"http://api.openweathermap.org/data/2.5/weather?APPID=17db9e1af5acb7f2c237c56cb9715905&units=imperial&q=butaritari,ki"
Record 501 of 700 | broome,"http://api.openweathermap.org/data/2.5/weather?APPID=17db9e1af5acb7f2c237c56cb9715905&units=imperial&q=broome,au"
Record 502 of 700 | champerico,"http://api.openweathermap.org/data/2.5/weather?APPID=17db9e1af5acb7f2c237c56cb9715905&units=imperial&q=champerico,gt"
Record 503 of 700 | butaritari,"http://api.openweathermap.org/data/2.5/weather?APPID=17db9e1af5acb7f2c237c56cb9715905&units=imperial&q=butaritari,ki"
Record 504 of 700 | talnakh,"http://api.openweathermap.org/data/2.5/weather?APPID=17db9e1af5acb7f2c237c56cb9715905&units=imperial&q=talnakh,ru"
Record 505 of 700 | ushuaia,"http://api.openweathermap.org/data/2.5/weather?APPID=17db9e1af5acb7f2c237c56cb9715905&units=imperial&q=ushuaia,ar"
Record 507 of 700 | port keats,"http://api.openweathermap.org/data/2.5/weather?APPID=17db9e1af5acb7f2c237c56cb9715905&units=imperial&q=port keats,au"
Record 508 of 700 | baykit,"http://api.openweathermap.org/data/2.5/weather?APPID=17db9e1af5acb7f2c237c56cb9715905&units=imperial&q=baykit,ru"
Record 509 of 700 | punta arenas,"http://api.openweathermap.org/data/2.5/weather?APPID=17db9e1af5acb7f2c237c56cb9715905&units=imperial&q=punta arenas,cl"
Record 511 of 700 | sibu,"http://api.openweathermap.org/data/2.5/weather?APPID=17db9e1af5acb7f2c237c56cb9715905&units=imperial&q=sibu,my"
Record 512 of 700 | albany,"http://api.openweathermap.org/data/2.5/weather?APPID=17db9e1af5acb7f2c237c56cb9715905&units=imperial&q=albany,au"
Record 513 of 700 | cap malheureux,"http://api.openweathermap.org/data/2.5/weather?APPID=17db9e1af5acb7f2c237c56cb9715905&units=imperial&q=cap malheureux,mu"
Record 514 of 700 | rikitea,"http://api.openweathermap.org/data/2.5/weather?APPID=17db9e1af5acb7f2c237c56cb9715905&units=imperial&q=rikitea,pf"
Record 515 of 700 | sarangarh,"http://api.openweathermap.org/data/2.5/weather?APPID=17db9e1af5acb7f2c237c56cb9715905&units=imperial&q=sarangarh,in"
Record 516 of 700 | barrow,"http://api.openweathermap.org/data/2.5/weather?APPID=17db9e1af5acb7f2c237c56cb9715905&units=imperial&q=barrow,us"
Record 517 of 700 | punta arenas,"http://api.openweathermap.org/data/2.5/weather?APPID=17db9e1af5acb7f2c237c56cb9715905&units=imperial&q=punta arenas,cl"
Record 518 of 700 | ancud,"http://api.openweathermap.org/data/2.5/weather?APPID=17db9e1af5acb7f2c237c56cb9715905&units=imperial&q=ancud,cl"
Record 519 of 700 | padang,"http://api.openweathermap.org/data/2.5/weather?APPID=17db9e1af5acb7f2c237c56cb9715905&units=imperial&q=padang,id"
Record 520 of 700 | cockburn town,"http://api.openweathermap.org/data/2.5/weather?APPID=17db9e1af5acb7f2c237c56cb9715905&units=imperial&q=cockburn town,bs"
Record 521 of 700 | san joaquin,"http://api.openweathermap.org/data/2.5/weather?APPID=17db9e1af5acb7f2c237c56cb9715905&units=imperial&q=san joaquin,bo"
Record 522 of 700 | guerrero negro,"http://api.openweathermap.org/data/2.5/weather?APPID=17db9e1af5acb7f2c237c56cb9715905&units=imperial&q=guerrero negro,mx"
Record 523 of 700 | chuy,"http://api.openweathermap.org/data/2.5/weather?APPID=17db9e1af5acb7f2c237c56cb9715905&units=imperial&q=chuy,uy"
Record 524 of 700 | mar del plata,"http://api.openweathermap.org/data/2.5/weather?APPID=17db9e1af5acb7f2c237c56cb9715905&units=imperial&q=mar del plata,ar"
Record 525 of 700 | linjiang,"http://api.openweathermap.org/data/2.5/weather?APPID=17db9e1af5acb7f2c237c56cb9715905&units=imperial&q=linjiang,cn"
Record 526 of 700 | kondinskoye,"http://api.openweathermap.org/data/2.5/weather?APPID=17db9e1af5acb7f2c237c56cb9715905&units=imperial&q=kondinskoye,ru"
Record 527 of 700 | qaanaaq,"http://api.openweathermap.org/data/2.5/weather?APPID=17db9e1af5acb7f2c237c56cb9715905&units=imperial&q=qaanaaq,gl"
Record 528 of 700 | jamestown,"http://api.openweathermap.org/data/2.5/weather?APPID=17db9e1af5acb7f2c237c56cb9715905&units=imperial&q=jamestown,sh"
Record 530 of 700 | tulum,"http://api.openweathermap.org/data/2.5/weather?APPID=17db9e1af5acb7f2c237c56cb9715905&units=imperial&q=tulum,mx"
Record 531 of 700 | tiksi,"http://api.openweathermap.org/data/2.5/weather?APPID=17db9e1af5acb7f2c237c56cb9715905&units=imperial&q=tiksi,ru"
Record 532 of 700 | victoria,"http://api.openweathermap.org/data/2.5/weather?APPID=17db9e1af5acb7f2c237c56cb9715905&units=imperial&q=victoria,sc"
Record 534 of 700 | manacapuru,"http://api.openweathermap.org/data/2.5/weather?APPID=17db9e1af5acb7f2c237c56cb9715905&units=imperial&q=manacapuru,br"
Record 535 of 700 | mar del plata,"http://api.openweathermap.org/data/2.5/weather?APPID=17db9e1af5acb7f2c237c56cb9715905&units=imperial&q=mar del plata,ar"
Record 537 of 700 | hobart,"http://api.openweathermap.org/data/2.5/weather?APPID=17db9e1af5acb7f2c237c56cb9715905&units=imperial&q=hobart,au"
Record 538 of 700 | tuatapere,"http://api.openweathermap.org/data/2.5/weather?APPID=17db9e1af5acb7f2c237c56cb9715905&units=imperial&q=tuatapere,nz"
Record 539 of 700 | kapaa,"http://api.openweathermap.org/data/2.5/weather?APPID=17db9e1af5acb7f2c237c56cb9715905&units=imperial&q=kapaa,us"
Record 540 of 700 | poum,"http://api.openweathermap.org/data/2.5/weather?APPID=17db9e1af5acb7f2c237c56cb9715905&units=imperial&q=poum,nc"
Record 542 of 700 | deer lake,"http://api.openweathermap.org/data/2.5/weather?APPID=17db9e1af5acb7f2c237c56cb9715905&units=imperial&q=deer lake,ca"
Record 543 of 700 | ilulissat,"http://api.openweathermap.org/data/2.5/weather?APPID=17db9e1af5acb7f2c237c56cb9715905&units=imperial&q=ilulissat,gl"
Record 544 of 700 | eureka,"http://api.openweathermap.org/data/2.5/weather?APPID=17db9e1af5acb7f2c237c56cb9715905&units=imperial&q=eureka,us"
Record 547 of 700 | hilo,"http://api.openweathermap.org/data/2.5/weather?APPID=17db9e1af5acb7f2c237c56cb9715905&units=imperial&q=hilo,us"
Record 548 of 700 | la rioja,"http://api.openweathermap.org/data/2.5/weather?APPID=17db9e1af5acb7f2c237c56cb9715905&units=imperial&q=la rioja,ar"
Record 549 of 700 | luderitz,"http://api.openweathermap.org/data/2.5/weather?APPID=17db9e1af5acb7f2c237c56cb9715905&units=imperial&q=luderitz,na"
Record 550 of 700 | eyl,"http://api.openweathermap.org/data/2.5/weather?APPID=17db9e1af5acb7f2c237c56cb9715905&units=imperial&q=eyl,so"
Record 551 of 700 | ushuaia,"http://api.openweathermap.org/data/2.5/weather?APPID=17db9e1af5acb7f2c237c56cb9715905&units=imperial&q=ushuaia,ar"
Record 552 of 700 | paragominas,"http://api.openweathermap.org/data/2.5/weather?APPID=17db9e1af5acb7f2c237c56cb9715905&units=imperial&q=paragominas,br"
Record 553 of 700 | hermanus,"http://api.openweathermap.org/data/2.5/weather?APPID=17db9e1af5acb7f2c237c56cb9715905&units=imperial&q=hermanus,za"
Record 554 of 700 | evensk,"http://api.openweathermap.org/data/2.5/weather?APPID=17db9e1af5acb7f2c237c56cb9715905&units=imperial&q=evensk,ru"
Record 555 of 700 | san patricio,"http://api.openweathermap.org/data/2.5/weather?APPID=17db9e1af5acb7f2c237c56cb9715905&units=imperial&q=san patricio,mx"
Record 556 of 700 | albany,"http://api.openweathermap.org/data/2.5/weather?APPID=17db9e1af5acb7f2c237c56cb9715905&units=imperial&q=albany,au"
Record 557 of 700 | barreirinhas,"http://api.openweathermap.org/data/2.5/weather?APPID=17db9e1af5acb7f2c237c56cb9715905&units=imperial&q=barreirinhas,br"
Record 558 of 700 | esperance,"http://api.openweathermap.org/data/2.5/weather?APPID=17db9e1af5acb7f2c237c56cb9715905&units=imperial&q=esperance,au"
Record 559 of 700 | fort nelson,"http://api.openweathermap.org/data/2.5/weather?APPID=17db9e1af5acb7f2c237c56cb9715905&units=imperial&q=fort nelson,ca"
Record 560 of 700 | butaritari,"http://api.openweathermap.org/data/2.5/weather?APPID=17db9e1af5acb7f2c237c56cb9715905&units=imperial&q=butaritari,ki"
Record 561 of 700 | albany,"http://api.openweathermap.org/data/2.5/weather?APPID=17db9e1af5acb7f2c237c56cb9715905&units=imperial&q=albany,au"
Record 562 of 700 | kavieng,"http://api.openweathermap.org/data/2.5/weather?APPID=17db9e1af5acb7f2c237c56cb9715905&units=imperial&q=kavieng,pg"
Record 563 of 700 | cape town,"http://api.openweathermap.org/data/2.5/weather?APPID=17db9e1af5acb7f2c237c56cb9715905&units=imperial&q=cape town,za"
Record 564 of 700 | hobart,"http://api.openweathermap.org/data/2.5/weather?APPID=17db9e1af5acb7f2c237c56cb9715905&units=imperial&q=hobart,au"
Record 565 of 700 | viedma,"http://api.openweathermap.org/data/2.5/weather?APPID=17db9e1af5acb7f2c237c56cb9715905&units=imperial&q=viedma,ar"
Record 566 of 700 | tiksi,"http://api.openweathermap.org/data/2.5/weather?APPID=17db9e1af5acb7f2c237c56cb9715905&units=imperial&q=tiksi,ru"
Record 567 of 700 | tiksi,"http://api.openweathermap.org/data/2.5/weather?APPID=17db9e1af5acb7f2c237c56cb9715905&units=imperial&q=tiksi,ru"
Record 569 of 700 | isla mujeres,"http://api.openweathermap.org/data/2.5/weather?APPID=17db9e1af5acb7f2c237c56cb9715905&units=imperial&q=isla mujeres,mx"
Record 570 of 700 | hobart,"http://api.openweathermap.org/data/2.5/weather?APPID=17db9e1af5acb7f2c237c56cb9715905&units=imperial&q=hobart,au"
Record 571 of 700 | carnarvon,"http://api.openweathermap.org/data/2.5/weather?APPID=17db9e1af5acb7f2c237c56cb9715905&units=imperial&q=carnarvon,au"
Record 573 of 700 | new norfolk,"http://api.openweathermap.org/data/2.5/weather?APPID=17db9e1af5acb7f2c237c56cb9715905&units=imperial&q=new norfolk,au"
Record 574 of 700 | nemuro,"http://api.openweathermap.org/data/2.5/weather?APPID=17db9e1af5acb7f2c237c56cb9715905&units=imperial&q=nemuro,jp"
Record 575 of 700 | puerto ayora,"http://api.openweathermap.org/data/2.5/weather?APPID=17db9e1af5acb7f2c237c56cb9715905&units=imperial&q=puerto ayora,ec"
Record 576 of 700 | cape town,"http://api.openweathermap.org/data/2.5/weather?APPID=17db9e1af5acb7f2c237c56cb9715905&units=imperial&q=cape town,za"
Record 577 of 700 | rikitea,"http://api.openweathermap.org/data/2.5/weather?APPID=17db9e1af5acb7f2c237c56cb9715905&units=imperial&q=rikitea,pf"
Record 579 of 700 | kapaa,"http://api.openweathermap.org/data/2.5/weather?APPID=17db9e1af5acb7f2c237c56cb9715905&units=imperial&q=kapaa,us"
Record 580 of 700 | shimoda,"http://api.openweathermap.org/data/2.5/weather?APPID=17db9e1af5acb7f2c237c56cb9715905&units=imperial&q=shimoda,jp"
Record 581 of 700 | rikitea,"http://api.openweathermap.org/data/2.5/weather?APPID=17db9e1af5acb7f2c237c56cb9715905&units=imperial&q=rikitea,pf"
Record 582 of 700 | jacksonville,"http://api.openweathermap.org/data/2.5/weather?APPID=17db9e1af5acb7f2c237c56cb9715905&units=imperial&q=jacksonville,us"
Record 584 of 700 | bredasdorp,"http://api.openweathermap.org/data/2.5/weather?APPID=17db9e1af5acb7f2c237c56cb9715905&units=imperial&q=bredasdorp,za"
Record 585 of 700 | vaini,"http://api.openweathermap.org/data/2.5/weather?APPID=17db9e1af5acb7f2c237c56cb9715905&units=imperial&q=vaini,to"
Record 586 of 700 | atuona,"http://api.openweathermap.org/data/2.5/weather?APPID=17db9e1af5acb7f2c237c56cb9715905&units=imperial&q=atuona,pf"
Record 587 of 700 | ushuaia,"http://api.openweathermap.org/data/2.5/weather?APPID=17db9e1af5acb7f2c237c56cb9715905&units=imperial&q=ushuaia,ar"
Record 588 of 700 | ludza,"http://api.openweathermap.org/data/2.5/weather?APPID=17db9e1af5acb7f2c237c56cb9715905&units=imperial&q=ludza,lv"
Record 590 of 700 | khatanga,"http://api.openweathermap.org/data/2.5/weather?APPID=17db9e1af5acb7f2c237c56cb9715905&units=imperial&q=khatanga,ru"
Record 591 of 700 | bluff,"http://api.openweathermap.org/data/2.5/weather?APPID=17db9e1af5acb7f2c237c56cb9715905&units=imperial&q=bluff,nz"
Record 592 of 700 | grindavik,"http://api.openweathermap.org/data/2.5/weather?APPID=17db9e1af5acb7f2c237c56cb9715905&units=imperial&q=grindavik,is"
Record 593 of 700 | manaure,"http://api.openweathermap.org/data/2.5/weather?APPID=17db9e1af5acb7f2c237c56cb9715905&units=imperial&q=manaure,co"
Record 594 of 700 | gizo,"http://api.openweathermap.org/data/2.5/weather?APPID=17db9e1af5acb7f2c237c56cb9715905&units=imperial&q=gizo,sb"
Record 595 of 700 | nanortalik,"http://api.openweathermap.org/data/2.5/weather?APPID=17db9e1af5acb7f2c237c56cb9715905&units=imperial&q=nanortalik,gl"
Record 596 of 700 | kununurra,"http://api.openweathermap.org/data/2.5/weather?APPID=17db9e1af5acb7f2c237c56cb9715905&units=imperial&q=kununurra,au"
Record 597 of 700 | thompson,"http://api.openweathermap.org/data/2.5/weather?APPID=17db9e1af5acb7f2c237c56cb9715905&units=imperial&q=thompson,ca"
Record 598 of 700 | ostrovnoy,"http://api.openweathermap.org/data/2.5/weather?APPID=17db9e1af5acb7f2c237c56cb9715905&units=imperial&q=ostrovnoy,ru"
Record 599 of 700 | olga,"http://api.openweathermap.org/data/2.5/weather?APPID=17db9e1af5acb7f2c237c56cb9715905&units=imperial&q=olga,ru"
Record 600 of 700 | kaeo,"http://api.openweathermap.org/data/2.5/weather?APPID=17db9e1af5acb7f2c237c56cb9715905&units=imperial&q=kaeo,nz"
Record 602 of 700 | avarua,"http://api.openweathermap.org/data/2.5/weather?APPID=17db9e1af5acb7f2c237c56cb9715905&units=imperial&q=avarua,ck"
Record 603 of 700 | puerto ayora,"http://api.openweathermap.org/data/2.5/weather?APPID=17db9e1af5acb7f2c237c56cb9715905&units=imperial&q=puerto ayora,ec"
Record 604 of 700 | albany,"http://api.openweathermap.org/data/2.5/weather?APPID=17db9e1af5acb7f2c237c56cb9715905&units=imperial&q=albany,au"
Record 605 of 700 | saskylakh,"http://api.openweathermap.org/data/2.5/weather?APPID=17db9e1af5acb7f2c237c56cb9715905&units=imperial&q=saskylakh,ru"
Record 606 of 700 | rikitea,"http://api.openweathermap.org/data/2.5/weather?APPID=17db9e1af5acb7f2c237c56cb9715905&units=imperial&q=rikitea,pf"
Record 607 of 700 | albany,"http://api.openweathermap.org/data/2.5/weather?APPID=17db9e1af5acb7f2c237c56cb9715905&units=imperial&q=albany,au"
Record 608 of 700 | kapaa,"http://api.openweathermap.org/data/2.5/weather?APPID=17db9e1af5acb7f2c237c56cb9715905&units=imperial&q=kapaa,us"
Record 609 of 700 | ilulissat,"http://api.openweathermap.org/data/2.5/weather?APPID=17db9e1af5acb7f2c237c56cb9715905&units=imperial&q=ilulissat,gl"
Record 611 of 700 | kitami,"http://api.openweathermap.org/data/2.5/weather?APPID=17db9e1af5acb7f2c237c56cb9715905&units=imperial&q=kitami,jp"
Record 612 of 700 | upernavik,"http://api.openweathermap.org/data/2.5/weather?APPID=17db9e1af5acb7f2c237c56cb9715905&units=imperial&q=upernavik,gl"
Record 613 of 700 | lodwar,"http://api.openweathermap.org/data/2.5/weather?APPID=17db9e1af5acb7f2c237c56cb9715905&units=imperial&q=lodwar,ke"
Record 614 of 700 | khatanga,"http://api.openweathermap.org/data/2.5/weather?APPID=17db9e1af5acb7f2c237c56cb9715905&units=imperial&q=khatanga,ru"
Record 615 of 700 | ushuaia,"http://api.openweathermap.org/data/2.5/weather?APPID=17db9e1af5acb7f2c237c56cb9715905&units=imperial&q=ushuaia,ar"
Record 616 of 700 | cabo san lucas,"http://api.openweathermap.org/data/2.5/weather?APPID=17db9e1af5acb7f2c237c56cb9715905&units=imperial&q=cabo san lucas,mx"
Record 617 of 700 | fuxin,"http://api.openweathermap.org/data/2.5/weather?APPID=17db9e1af5acb7f2c237c56cb9715905&units=imperial&q=fuxin,cn"
Record 618 of 700 | jamestown,"http://api.openweathermap.org/data/2.5/weather?APPID=17db9e1af5acb7f2c237c56cb9715905&units=imperial&q=jamestown,sh"
Record 619 of 700 | castro,"http://api.openweathermap.org/data/2.5/weather?APPID=17db9e1af5acb7f2c237c56cb9715905&units=imperial&q=castro,cl"
Record 621 of 700 | kapaa,"http://api.openweathermap.org/data/2.5/weather?APPID=17db9e1af5acb7f2c237c56cb9715905&units=imperial&q=kapaa,us"
Record 622 of 700 | margate,"http://api.openweathermap.org/data/2.5/weather?APPID=17db9e1af5acb7f2c237c56cb9715905&units=imperial&q=margate,za"
Record 623 of 700 | banamba,"http://api.openweathermap.org/data/2.5/weather?APPID=17db9e1af5acb7f2c237c56cb9715905&units=imperial&q=banamba,ml"
Record 624 of 700 | arman,"http://api.openweathermap.org/data/2.5/weather?APPID=17db9e1af5acb7f2c237c56cb9715905&units=imperial&q=arman,ru"
Record 625 of 700 | mountain home,"http://api.openweathermap.org/data/2.5/weather?APPID=17db9e1af5acb7f2c237c56cb9715905&units=imperial&q=mountain home,us"
Record 626 of 700 | muzaffarabad,"http://api.openweathermap.org/data/2.5/weather?APPID=17db9e1af5acb7f2c237c56cb9715905&units=imperial&q=muzaffarabad,pk"
Record 627 of 700 | husavik,"http://api.openweathermap.org/data/2.5/weather?APPID=17db9e1af5acb7f2c237c56cb9715905&units=imperial&q=husavik,is"
Record 628 of 700 | kruisfontein,"http://api.openweathermap.org/data/2.5/weather?APPID=17db9e1af5acb7f2c237c56cb9715905&units=imperial&q=kruisfontein,za"
Record 629 of 700 | am timan,"http://api.openweathermap.org/data/2.5/weather?APPID=17db9e1af5acb7f2c237c56cb9715905&units=imperial&q=am timan,td"
Record 631 of 700 | bilma,"http://api.openweathermap.org/data/2.5/weather?APPID=17db9e1af5acb7f2c237c56cb9715905&units=imperial&q=bilma,ne"
Record 632 of 700 | vanavara,"http://api.openweathermap.org/data/2.5/weather?APPID=17db9e1af5acb7f2c237c56cb9715905&units=imperial&q=vanavara,ru"
Record 633 of 700 | jackson,"http://api.openweathermap.org/data/2.5/weather?APPID=17db9e1af5acb7f2c237c56cb9715905&units=imperial&q=jackson,us"
Record 634 of 700 | thompson,"http://api.openweathermap.org/data/2.5/weather?APPID=17db9e1af5acb7f2c237c56cb9715905&units=imperial&q=thompson,ca"
Record 635 of 700 | kaitangata,"http://api.openweathermap.org/data/2.5/weather?APPID=17db9e1af5acb7f2c237c56cb9715905&units=imperial&q=kaitangata,nz"
Record 636 of 700 | fortuna,"http://api.openweathermap.org/data/2.5/weather?APPID=17db9e1af5acb7f2c237c56cb9715905&units=imperial&q=fortuna,us"
Record 637 of 700 | tautira,"http://api.openweathermap.org/data/2.5/weather?APPID=17db9e1af5acb7f2c237c56cb9715905&units=imperial&q=tautira,pf"
Record 639 of 700 | sitka,"http://api.openweathermap.org/data/2.5/weather?APPID=17db9e1af5acb7f2c237c56cb9715905&units=imperial&q=sitka,us"
Record 640 of 700 | vestmanna,"http://api.openweathermap.org/data/2.5/weather?APPID=17db9e1af5acb7f2c237c56cb9715905&units=imperial&q=vestmanna,fo"
Record 641 of 700 | saldanha,"http://api.openweathermap.org/data/2.5/weather?APPID=17db9e1af5acb7f2c237c56cb9715905&units=imperial&q=saldanha,za"
Record 642 of 700 | kahului,"http://api.openweathermap.org/data/2.5/weather?APPID=17db9e1af5acb7f2c237c56cb9715905&units=imperial&q=kahului,us"
Record 643 of 700 | butaritari,"http://api.openweathermap.org/data/2.5/weather?APPID=17db9e1af5acb7f2c237c56cb9715905&units=imperial&q=butaritari,ki"
Record 644 of 700 | rikitea,"http://api.openweathermap.org/data/2.5/weather?APPID=17db9e1af5acb7f2c237c56cb9715905&units=imperial&q=rikitea,pf"
Record 645 of 700 | rikitea,"http://api.openweathermap.org/data/2.5/weather?APPID=17db9e1af5acb7f2c237c56cb9715905&units=imperial&q=rikitea,pf"
Record 646 of 700 | talnakh,"http://api.openweathermap.org/data/2.5/weather?APPID=17db9e1af5acb7f2c237c56cb9715905&units=imperial&q=talnakh,ru"
Record 647 of 700 | kiruna,"http://api.openweathermap.org/data/2.5/weather?APPID=17db9e1af5acb7f2c237c56cb9715905&units=imperial&q=kiruna,se"
Record 648 of 700 | banjarmasin,"http://api.openweathermap.org/data/2.5/weather?APPID=17db9e1af5acb7f2c237c56cb9715905&units=imperial&q=banjarmasin,id"
Record 649 of 700 | ponta do sol,"http://api.openweathermap.org/data/2.5/weather?APPID=17db9e1af5acb7f2c237c56cb9715905&units=imperial&q=ponta do sol,cv"
Record 651 of 700 | boke,"http://api.openweathermap.org/data/2.5/weather?APPID=17db9e1af5acb7f2c237c56cb9715905&units=imperial&q=boke,gn"
Record 652 of 700 | punta arenas,"http://api.openweathermap.org/data/2.5/weather?APPID=17db9e1af5acb7f2c237c56cb9715905&units=imperial&q=punta arenas,cl"
Record 654 of 700 | tasiilaq,"http://api.openweathermap.org/data/2.5/weather?APPID=17db9e1af5acb7f2c237c56cb9715905&units=imperial&q=tasiilaq,gl"
Record 655 of 700 | paamiut,"http://api.openweathermap.org/data/2.5/weather?APPID=17db9e1af5acb7f2c237c56cb9715905&units=imperial&q=paamiut,gl"
Record 656 of 700 | arraial do cabo,"http://api.openweathermap.org/data/2.5/weather?APPID=17db9e1af5acb7f2c237c56cb9715905&units=imperial&q=arraial do cabo,br"
Record 657 of 700 | hithadhoo,"http://api.openweathermap.org/data/2.5/weather?APPID=17db9e1af5acb7f2c237c56cb9715905&units=imperial&q=hithadhoo,mv"
Record 658 of 700 | punta arenas,"http://api.openweathermap.org/data/2.5/weather?APPID=17db9e1af5acb7f2c237c56cb9715905&units=imperial&q=punta arenas,cl"
Record 659 of 700 | havre-saint-pierre,"http://api.openweathermap.org/data/2.5/weather?APPID=17db9e1af5acb7f2c237c56cb9715905&units=imperial&q=havre-saint-pierre,ca"
Record 660 of 700 | ushuaia,"http://api.openweathermap.org/data/2.5/weather?APPID=17db9e1af5acb7f2c237c56cb9715905&units=imperial&q=ushuaia,ar"
Record 662 of 700 | severo-kurilsk,"http://api.openweathermap.org/data/2.5/weather?APPID=17db9e1af5acb7f2c237c56cb9715905&units=imperial&q=severo-kurilsk,ru"
Record 663 of 700 | thompson,"http://api.openweathermap.org/data/2.5/weather?APPID=17db9e1af5acb7f2c237c56cb9715905&units=imperial&q=thompson,ca"
Record 664 of 700 | port augusta,"http://api.openweathermap.org/data/2.5/weather?APPID=17db9e1af5acb7f2c237c56cb9715905&units=imperial&q=port augusta,au"
Record 666 of 700 | hermanus,"http://api.openweathermap.org/data/2.5/weather?APPID=17db9e1af5acb7f2c237c56cb9715905&units=imperial&q=hermanus,za"
Record 667 of 700 | mitu,"http://api.openweathermap.org/data/2.5/weather?APPID=17db9e1af5acb7f2c237c56cb9715905&units=imperial&q=mitu,co"
Record 669 of 700 | dongsheng,"http://api.openweathermap.org/data/2.5/weather?APPID=17db9e1af5acb7f2c237c56cb9715905&units=imperial&q=dongsheng,cn"
Record 670 of 700 | albany,"http://api.openweathermap.org/data/2.5/weather?APPID=17db9e1af5acb7f2c237c56cb9715905&units=imperial&q=albany,au"
Record 671 of 700 | tutoia,"http://api.openweathermap.org/data/2.5/weather?APPID=17db9e1af5acb7f2c237c56cb9715905&units=imperial&q=tutoia,br"
Record 672 of 700 | kaitangata,"http://api.openweathermap.org/data/2.5/weather?APPID=17db9e1af5acb7f2c237c56cb9715905&units=imperial&q=kaitangata,nz"
Record 674 of 700 | ushuaia,"http://api.openweathermap.org/data/2.5/weather?APPID=17db9e1af5acb7f2c237c56cb9715905&units=imperial&q=ushuaia,ar"
Record 675 of 700 | podares,"http://api.openweathermap.org/data/2.5/weather?APPID=17db9e1af5acb7f2c237c56cb9715905&units=imperial&q=podares,mk"
Record 676 of 700 | hilo,"http://api.openweathermap.org/data/2.5/weather?APPID=17db9e1af5acb7f2c237c56cb9715905&units=imperial&q=hilo,us"
Record 677 of 700 | ushuaia,"http://api.openweathermap.org/data/2.5/weather?APPID=17db9e1af5acb7f2c237c56cb9715905&units=imperial&q=ushuaia,ar"
Record 678 of 700 | kavieng,"http://api.openweathermap.org/data/2.5/weather?APPID=17db9e1af5acb7f2c237c56cb9715905&units=imperial&q=kavieng,pg"
Record 679 of 700 | vaini,"http://api.openweathermap.org/data/2.5/weather?APPID=17db9e1af5acb7f2c237c56cb9715905&units=imperial&q=vaini,to"
Record 680 of 700 | thompson,"http://api.openweathermap.org/data/2.5/weather?APPID=17db9e1af5acb7f2c237c56cb9715905&units=imperial&q=thompson,ca"
Record 682 of 700 | bredasdorp,"http://api.openweathermap.org/data/2.5/weather?APPID=17db9e1af5acb7f2c237c56cb9715905&units=imperial&q=bredasdorp,za"
Record 683 of 700 | hobart,"http://api.openweathermap.org/data/2.5/weather?APPID=17db9e1af5acb7f2c237c56cb9715905&units=imperial&q=hobart,au"
Record 685 of 700 | burpengary,"http://api.openweathermap.org/data/2.5/weather?APPID=17db9e1af5acb7f2c237c56cb9715905&units=imperial&q=burpengary,au"
Record 686 of 700 | sao jose da coroa grande,"http://api.openweathermap.org/data/2.5/weather?APPID=17db9e1af5acb7f2c237c56cb9715905&units=imperial&q=sao jose da coroa grande,br"
Record 687 of 700 | constantine,"http://api.openweathermap.org/data/2.5/weather?APPID=17db9e1af5acb7f2c237c56cb9715905&units=imperial&q=constantine,dz"
Record 688 of 700 | matay,"http://api.openweathermap.org/data/2.5/weather?APPID=17db9e1af5acb7f2c237c56cb9715905&units=imperial&q=matay,eg"
Record 689 of 700 | rikitea,"http://api.openweathermap.org/data/2.5/weather?APPID=17db9e1af5acb7f2c237c56cb9715905&units=imperial&q=rikitea,pf"
Record 690 of 700 | batagay-alyta,"http://api.openweathermap.org/data/2.5/weather?APPID=17db9e1af5acb7f2c237c56cb9715905&units=imperial&q=batagay-alyta,ru"
Record 691 of 700 | abramovka,"http://api.openweathermap.org/data/2.5/weather?APPID=17db9e1af5acb7f2c237c56cb9715905&units=imperial&q=abramovka,ru"
Record 692 of 700 | stephenville,"http://api.openweathermap.org/data/2.5/weather?APPID=17db9e1af5acb7f2c237c56cb9715905&units=imperial&q=stephenville,ca"
Record 693 of 700 | ruidoso,"http://api.openweathermap.org/data/2.5/weather?APPID=17db9e1af5acb7f2c237c56cb9715905&units=imperial&q=ruidoso,us"
Record 695 of 700 | koumac,"http://api.openweathermap.org/data/2.5/weather?APPID=17db9e1af5acb7f2c237c56cb9715905&units=imperial&q=koumac,nc"
Record 697 of 700 | rikitea,"http://api.openweathermap.org/data/2.5/weather?APPID=17db9e1af5acb7f2c237c56cb9715905&units=imperial&q=rikitea,pf"
Record 698 of 700 | rikitea,"http://api.openweathermap.org/data/2.5/weather?APPID=17db9e1af5acb7f2c237c56cb9715905&units=imperial&q=rikitea,pf"
Record 699 of 700 | arraial do cabo,"http://api.openweathermap.org/data/2.5/weather?APPID=17db9e1af5acb7f2c237c56cb9715905&units=imperial&q=arraial do cabo,br"
